date,result,as,kop,kepala,ekor
2018-07-29,0333,0,3,3,3
2018-07-30,6720,6,7,2,0
2018-07-31,6217,6,2,1,7
2018-08-01,6706,6,7,0,6
2018-08-02,9157,9,1,5,7
2018-08-03,4555,4,5,5,5
2018-08-04,4816,4,8,1,6
2018-08-05,4411,4,4,1,1
2018-08-06,9538,9,5,3,8
2018-08-07,8150,8,1,5,0
2018-08-08,1122,1,1,2,2
2018-08-09,4308,4,3,0,8
2018-08-10,1245,1,2,4,5
2018-08-11,4107,4,1,0,7
2018-08-12,4381,4,3,8,1
2018-08-13,8312,8,3,1,2
2018-08-14,9947,9,9,4,7
2018-08-15,7864,7,8,6,4
2018-08-16,1519,1,5,1,9
2018-08-17,7716,7,7,1,6
2018-08-18,9089,9,0,8,9
2018-08-19,1244,1,2,4,4
2018-08-20,8777,8,7,7,7
2018-08-21,7057,7,0,5,7
2018-08-22,8580,8,5,8,0
2018-08-23,5329,5,3,2,9
2018-08-24,3681,3,6,8,1
2018-08-25,5370,5,3,7,0
2018-08-26,0663,0,6,6,3
2018-08-27,5721,5,7,2,1
2018-08-28,7049,7,0,4,9
2018-08-29,4094,4,0,9,4
2018-08-30,8070,8,0,7,0
2018-08-31,6254,6,2,5,4
2018-09-01,3594,3,5,9,4
2018-09-02,2618,2,6,1,8
2018-09-03,9418,9,4,1,8
2018-09-04,0710,0,7,1,0
2018-09-05,1559,1,5,5,9
2018-09-06,4399,4,3,9,9
2018-09-07,6118,6,1,1,8
2018-09-08,5043,5,0,4,3
2018-09-09,2900,2,9,0,0
2018-09-10,1528,1,5,2,8
2018-09-11,6411,6,4,1,1
2018-09-12,2341,2,3,4,1
2018-09-13,0795,0,7,9,5
2018-09-14,2886,2,8,8,6
2018-09-15,5039,5,0,3,9
2018-09-16,2732,2,7,3,2
2018-09-17,8687,8,6,8,7
2018-09-18,1333,1,3,3,3
2018-09-19,1018,1,0,1,8
2018-09-20,5765,5,7,6,5
2018-09-21,2509,2,5,0,9
2018-09-22,2160,2,1,6,0
2018-09-23,0780,0,7,8,0
2018-09-24,4970,4,9,7,0
2018-09-25,9878,9,8,7,8
2018-09-26,2774,2,7,7,4
2018-09-27,6910,6,9,1,0
2018-09-28,0809,0,8,0,9
2018-09-29,3164,3,1,6,4
2018-09-30,4776,4,7,7,6
2018-10-01,0365,0,3,6,5
2018-10-02,9375,9,3,7,5
2018-10-03,4536,4,5,3,6
2018-10-04,3830,3,8,3,0
2018-10-05,4561,4,5,6,1
2018-10-06,4561,4,5,6,1
2018-10-07,7192,7,1,9,2
2018-10-08,6060,6,0,6,0
2018-10-09,3658,3,6,5,8
2018-10-10,7481,7,4,8,1
2018-10-11,7052,7,0,5,2
2018-10-12,3073,3,0,7,3
2018-10-13,7212,7,2,1,2
2018-10-14,6311,6,3,1,1
2018-10-15,0456,0,4,5,6
2018-10-16,6710,6,7,1,0
2018-10-17,2049,2,0,4,9
2018-10-18,2142,2,1,4,2
2018-10-19,4066,4,0,6,6
2018-10-20,3769,3,7,6,9
2018-10-21,5005,5,0,0,5
2018-10-22,0957,0,9,5,7
2018-10-23,7397,7,3,9,7
2018-10-24,6116,6,1,1,6
2018-10-25,2484,2,4,8,4
2018-10-26,3912,3,9,1,2
2018-10-27,1071,1,0,7,1
2018-10-28,2061,2,0,6,1
2018-10-29,8275,8,2,7,5
2018-10-30,1255,1,2,5,5
2018-10-31,2215,2,2,1,5
2018-11-01,9559,9,5,5,9
2018-11-02,0020,0,0,2,0
2018-11-03,0402,0,4,0,2
2018-11-04,5597,5,5,9,7
2018-11-05,9284,9,2,8,4
2018-11-06,7040,7,0,4,0
2018-11-07,9487,9,4,8,7
2018-11-08,9788,9,7,8,8
2018-11-09,3743,3,7,4,3
2018-11-10,7648,7,6,4,8
2018-11-11,2492,2,4,9,2
2018-11-12,9060,9,0,6,0
2018-11-13,6099,6,0,9,9
2018-11-14,4647,4,6,4,7
2018-11-15,4480,4,4,8,0
2018-11-16,4364,4,3,6,4
2018-11-17,0718,0,7,1,8
2018-11-18,6555,6,5,5,5
2018-11-19,7952,7,9,5,2
2018-11-20,6269,6,2,6,9
2018-11-21,5337,5,3,3,7
2018-11-22,3509,3,5,0,9
2018-11-23,9053,9,0,5,3
2018-11-24,0216,0,2,1,6
2018-11-25,5658,5,6,5,8
2018-11-26,1868,1,8,6,8
2018-11-27,3324,3,3,2,4
2018-11-28,3406,3,4,0,6
2018-11-29,2611,2,6,1,1
2018-11-30,6917,6,9,1,7
2018-12-01,9848,9,8,4,8
2018-12-02,7066,7,0,6,6
2018-12-03,2305,2,3,0,5
2018-12-04,2026,2,0,2,6
2018-12-05,7800,7,8,0,0
2018-12-06,7083,7,0,8,3
2018-12-07,5750,5,7,5,0
2018-12-08,9479,9,4,7,9
2018-12-09,8122,8,1,2,2
2018-12-10,4519,4,5,1,9
2018-12-11,1749,1,7,4,9
2018-12-12,1951,1,9,5,1
2018-12-13,7015,7,0,1,5
2018-12-14,3816,3,8,1,6
2018-12-15,4513,4,5,1,3
2018-12-16,3221,3,2,2,1
2018-12-17,7582,7,5,8,2
2018-12-18,3498,3,4,9,8
2018-12-19,8214,8,2,1,4
2018-12-20,6725,6,7,2,5
2018-12-21,4060,4,0,6,0
2018-12-22,3773,3,7,7,3
2018-12-23,8911,8,9,1,1
2018-12-24,5251,5,2,5,1
2018-12-25,5194,5,1,9,4
2018-12-26,3599,3,5,9,9
2018-12-27,2554,2,5,5,4
2018-12-28,5801,5,8,0,1
2018-12-29,9069,9,0,6,9
2018-12-30,9035,9,0,3,5
2018-12-31,3751,3,7,5,1
2019-01-01,8857,8,8,5,7
2019-01-02,1150,1,1,5,0
2019-01-03,7244,7,2,4,4
2019-01-04,3522,3,5,2,2
2019-01-05,2531,2,5,3,1
2019-01-06,1174,1,1,7,4
2019-01-07,1701,1,7,0,1
2019-01-08,7279,7,2,7,9
2019-01-09,2353,2,3,5,3
2019-01-10,0177,0,1,7,7
2019-01-11,5077,5,0,7,7
2019-01-12,1180,1,1,8,0
2019-01-13,3635,3,6,3,5
2019-01-14,5709,5,7,0,9
2019-01-15,0810,0,8,1,0
2019-01-16,8850,8,8,5,0
2019-01-17,2656,2,6,5,6
2019-01-18,4970,4,9,7,0
2019-01-19,2160,2,1,6,0
2019-01-20,7711,7,7,1,1
2019-01-21,6069,6,0,6,9
2019-01-22,7778,7,7,7,8
2019-01-23,2511,2,5,1,1
2019-01-24,8260,8,2,6,0
2019-01-25,9105,9,1,0,5
2019-01-26,4525,4,5,2,5
2019-01-27,6919,6,9,1,9
2019-01-28,8214,8,2,1,4
2019-01-29,0385,0,3,8,5
2019-01-30,9996,9,9,9,6
2019-01-31,3693,3,6,9,3
2019-02-01,3642,3,6,4,2
2019-02-02,9698,9,6,9,8
2019-02-03,2783,2,7,8,3
2019-02-04,3420,3,4,2,0
2019-02-05,3534,3,5,3,4
2019-02-06,3747,3,7,4,7
2019-02-07,7669,7,6,6,9
2019-02-08,4656,4,6,5,6
2019-02-09,6385,6,3,8,5
2019-02-10,8059,8,0,5,9
2019-02-11,3223,3,2,2,3
2019-02-12,2452,2,4,5,2
2019-02-13,3431,3,4,3,1
2019-02-14,8114,8,1,1,4
2019-02-15,8635,8,6,3,5
2019-02-16,6081,6,0,8,1
2019-02-17,2170,2,1,7,0
2019-02-18,2042,2,0,4,2
2019-02-19,0322,0,3,2,2
2019-02-20,8346,8,3,4,6
2019-02-21,0092,0,0,9,2
2019-02-22,5269,5,2,6,9
2019-02-23,7009,7,0,0,9
2019-02-24,1668,1,6,6,8
2019-02-25,4099,4,0,9,9
2019-02-26,7735,7,7,3,5
2019-02-27,6344,6,3,4,4
2019-02-28,3283,3,2,8,3
2019-03-01,7361,7,3,6,1
2019-03-02,9970,9,9,7,0
2019-03-03,3840,3,8,4,0
2019-03-04,9074,9,0,7,4
2019-03-05,3071,3,0,7,1
2019-03-06,4506,4,5,0,6
2019-03-07,2624,2,6,2,4
2019-03-08,9241,9,2,4,1
2019-03-09,0565,0,5,6,5
2019-03-10,5387,5,3,8,7
2019-03-11,0353,0,3,5,3
2019-03-12,4545,4,5,4,5
2019-03-13,9931,9,9,3,1
2019-03-14,0420,0,4,2,0
2019-03-15,4172,4,1,7,2
2019-03-16,7153,7,1,5,3
2019-03-17,0720,0,7,2,0
2019-03-18,6434,6,4,3,4
2019-03-19,5429,5,4,2,9
2019-03-20,8153,8,1,5,3
2019-03-21,8584,8,5,8,4
2019-03-22,4976,4,9,7,6
2019-03-23,9957,9,9,5,7
2019-03-24,5951,5,9,5,1
2019-03-25,3474,3,4,7,4
2019-03-26,1422,1,4,2,2
2019-03-27,6131,6,1,3,1
2019-03-28,7151,7,1,5,1
2019-03-29,4634,4,6,3,4
2019-03-30,7682,7,6,8,2
2019-03-31,4581,4,5,8,1
2019-04-01,7504,7,5,0,4
2019-04-02,5493,5,4,9,3
2019-04-03,5532,5,5,3,2
2019-04-04,9513,9,5,1,3
2019-04-05,5535,5,5,3,5
2019-04-06,6894,6,8,9,4
2019-04-07,4573,4,5,7,3
2019-04-08,7674,7,6,7,4
2019-04-09,4408,4,4,0,8
2019-04-10,0643,0,6,4,3
2019-04-11,1900,1,9,0,0
2019-04-12,2352,2,3,5,2
2019-04-13,5159,5,1,5,9
2019-04-14,7879,7,8,7,9
2019-04-15,4180,4,1,8,0
2019-04-16,1453,1,4,5,3
2019-04-17,3197,3,1,9,7
2019-04-18,5327,5,3,2,7
2019-04-19,4230,4,2,3,0
2019-04-20,1147,1,1,4,7
2019-04-21,2908,2,9,0,8
2019-04-22,1325,1,3,2,5
2019-04-23,7311,7,3,1,1
2019-04-24,9454,9,4,5,4
2019-04-25,9571,9,5,7,1
2019-04-26,3015,3,0,1,5
2019-04-27,5984,5,9,8,4
2019-04-28,2517,2,5,1,7
2019-04-29,7496,7,4,9,6
2019-04-30,6632,6,6,3,2
2019-05-01,9118,9,1,1,8
2019-05-02,2238,2,2,3,8
2019-05-03,4434,4,4,3,4
2019-05-04,4247,4,2,4,7
2019-05-05,1777,1,7,7,7
2019-05-06,0240,0,2,4,0
2019-05-07,3912,3,9,1,2
2019-05-08,9810,9,8,1,0
2019-05-09,8767,8,7,6,7
2019-05-10,7768,7,7,6,8
2019-05-11,6324,6,3,2,4
2019-05-12,8207,8,2,0,7
2019-05-13,8583,8,5,8,3
2019-05-14,4638,4,6,3,8
2019-05-15,9401,9,4,0,1
2019-05-16,1859,1,8,5,9
2019-05-17,9999,9,9,9,9
2019-05-18,7716,7,7,1,6
2019-05-19,8598,8,5,9,8
2019-05-20,1372,1,3,7,2
2019-05-21,0784,0,7,8,4
2019-05-22,3950,3,9,5,0
2019-05-23,3451,3,4,5,1
2019-05-24,7141,7,1,4,1
2019-05-25,1424,1,4,2,4
2019-05-26,2605,2,6,0,5
2019-05-27,3676,3,6,7,6
2019-05-28,9698,9,6,9,8
2019-05-29,0536,0,5,3,6
2019-05-30,0567,0,5,6,7
2019-05-31,6789,6,7,8,9
2019-06-01,2098,2,0,9,8
2019-06-02,6593,6,5,9,3
2019-06-03,6972,6,9,7,2
2019-06-04,2438,2,4,3,8
2019-06-05,6701,6,7,0,1
2019-06-06,3995,3,9,9,5
2019-06-07,4510,4,5,1,0
2019-06-08,4214,4,2,1,4
2019-06-09,6076,6,0,7,6
2019-06-10,0508,0,5,0,8
2019-06-11,6077,6,0,7,7
2019-06-12,5235,5,2,3,5
2019-06-13,6504,6,5,0,4
2019-06-14,8095,8,0,9,5
2019-06-15,9379,9,3,7,9
2019-06-16,0819,0,8,1,9
2019-06-17,2769,2,7,6,9
2019-06-18,4632,4,6,3,2
2019-06-19,6658,6,6,5,8
2019-06-20,8309,8,3,0,9
2019-06-21,7560,7,5,6,0
2019-06-22,3530,3,5,3,0
2019-06-23,9577,9,5,7,7
2019-06-24,0831,0,8,3,1
2019-06-25,8308,8,3,0,8
2019-06-26,5646,5,6,4,6
2019-06-27,7372,7,3,7,2
2019-06-28,4892,4,8,9,2
2019-06-29,8075,8,0,7,5
2019-06-30,3132,3,1,3,2
2019-07-01,0060,0,0,6,0
2019-07-02,9592,9,5,9,2
2019-07-03,5383,5,3,8,3
2019-07-04,1888,1,8,8,8
2019-07-05,8061,8,0,6,1
2019-07-06,3585,3,5,8,5
2019-07-07,7082,7,0,8,2
2019-07-08,8218,8,2,1,8
2019-07-09,4217,4,2,1,7
2019-07-10,8305,8,3,0,5
2019-07-11,9982,9,9,8,2
2019-07-12,6102,6,1,0,2
2019-07-13,8937,8,9,3,7
2019-07-14,3767,3,7,6,7
2019-07-15,8404,8,4,0,4
2019-07-16,1569,1,5,6,9
2019-07-17,8716,8,7,1,6
2019-07-18,4929,4,9,2,9
2019-07-19,2141,2,1,4,1
2019-07-20,4084,4,0,8,4
2019-07-21,2261,2,2,6,1
2019-07-22,9071,9,0,7,1
2019-07-23,5839,5,8,3,9
2019-07-24,4844,4,8,4,4
2019-07-25,5225,5,2,2,5
2019-07-26,3759,3,7,5,9
2019-07-27,6987,6,9,8,7
2019-07-28,6571,6,5,7,1
2019-07-29,3511,3,5,1,1
2019-07-30,8483,8,4,8,3
2019-07-31,4300,4,3,0,0
2019-08-01,1859,1,8,5,9
2019-08-02,9268,9,2,6,8
2019-08-03,5983,5,9,8,3
2019-08-04,9884,9,8,8,4
2019-08-05,4526,4,5,2,6
2019-08-06,9688,9,6,8,8
2019-08-07,5882,5,8,8,2
2019-08-08,1495,1,4,9,5
2019-08-09,6992,6,9,9,2
2019-08-10,3108,3,1,0,8
2019-08-11,2772,2,7,7,2
2019-08-12,5164,5,1,6,4
2019-08-13,5904,5,9,0,4
2019-08-14,7124,7,1,2,4
2019-08-15,6994,6,9,9,4
2019-08-16,2508,2,5,0,8
2019-08-17,7902,7,9,0,2
2019-08-18,3058,3,0,5,8
2019-08-19,0906,0,9,0,6
2019-08-20,1480,1,4,8,0
2019-08-21,1713,1,7,1,3
2019-08-22,4928,4,9,2,8
2019-08-23,9007,9,0,0,7
2019-08-24,6404,6,4,0,4
2019-08-25,0806,0,8,0,6
2019-08-26,3100,3,1,0,0
2019-08-27,8030,8,0,3,0
2019-08-28,9503,9,5,0,3
2019-08-29,6652,6,6,5,2
2019-08-30,6723,6,7,2,3
2019-08-31,8664,8,6,6,4
2019-09-01,6748,6,7,4,8
2019-09-02,3809,3,8,0,9
2019-09-03,1941,1,9,4,1
2019-09-04,5203,5,2,0,3
2019-09-05,3119,3,1,1,9
2019-09-06,7617,7,6,1,7
2019-09-07,3850,3,8,5,0
2019-09-08,3594,3,5,9,4
2019-09-09,0379,0,3,7,9
2019-09-10,0585,0,5,8,5
2019-09-11,4995,4,9,9,5
2019-09-12,3088,3,0,8,8
2019-09-13,3400,3,4,0,0
2019-09-14,8948,8,9,4,8
2019-09-15,5043,5,0,4,3
2019-09-16,6246,6,2,4,6
2019-09-17,3579,3,5,7,9
2019-09-18,7670,7,6,7,0
2019-09-19,2854,2,8,5,4
2019-09-20,4767,4,7,6,7
2019-09-21,7155,7,1,5,5
2019-09-22,9360,9,3,6,0
2019-09-23,7850,7,8,5,0
2019-09-24,2245,2,2,4,5
2019-09-25,7873,7,8,7,3
2019-09-26,2587,2,5,8,7
2019-09-27,2145,2,1,4,5
2019-09-28,8151,8,1,5,1
2019-09-29,9679,9,6,7,9
2019-09-30,4117,4,1,1,7
2019-10-01,7014,7,0,1,4
2019-10-02,0433,0,4,3,3
2019-10-03,9090,9,0,9,0
2019-10-04,3493,3,4,9,3
2019-10-05,1121,1,1,2,1
2019-10-06,3189,3,1,8,9
2019-10-07,3043,3,0,4,3
2019-10-08,6963,6,9,6,3
2019-10-09,5542,5,5,4,2
2019-10-10,5599,5,5,9,9
2019-10-11,8446,8,4,4,6
2019-10-12,9749,9,7,4,9
2019-10-13,4398,4,3,9,8
2019-10-14,9589,9,5,8,9
2019-10-15,8612,8,6,1,2
2019-10-16,6852,6,8,5,2
2019-10-17,2383,2,3,8,3
2019-10-18,1820,1,8,2,0
2019-10-19,6869,6,8,6,9
2019-10-20,0303,0,3,0,3
2019-10-21,4577,4,5,7,7
2019-10-22,0268,0,2,6,8
2019-10-23,4697,4,6,9,7
2019-10-24,2665,2,6,6,5
2019-10-25,7919,7,9,1,9
2019-10-26,2617,2,6,1,7
2019-10-27,1565,1,5,6,5
2019-10-28,5250,5,2,5,0
2019-10-29,8239,8,2,3,9
2019-10-30,6718,6,7,1,8
2019-10-31,3212,3,2,1,2
2019-11-01,7926,7,9,2,6
2019-11-02,5179,5,1,7,9
2019-11-03,4487,4,4,8,7
2019-11-04,4294,4,2,9,4
2019-11-05,9281,9,2,8,1
2019-11-06,4712,4,7,1,2
2019-11-07,9519,9,5,1,9
2019-11-08,8286,8,2,8,6
2019-11-09,3698,3,6,9,8
2019-11-10,5678,5,6,7,8
2019-11-11,5517,5,5,1,7
2019-11-12,7666,7,6,6,6
2019-11-13,5772,5,7,7,2
2019-11-14,8050,8,0,5,0
2019-11-15,3468,3,4,6,8
2019-11-16,5447,5,4,4,7
2019-11-17,3192,3,1,9,2
2019-11-18,0417,0,4,1,7
2019-11-19,3005,3,0,0,5
2019-11-20,9984,9,9,8,4
2019-11-21,5275,5,2,7,5
2019-11-22,2096,2,0,9,6
2019-11-23,7892,7,8,9,2
2019-11-24,3668,3,6,6,8
2019-11-25,7147,7,1,4,7
2019-11-26,0586,0,5,8,6
2019-11-27,5059,5,0,5,9
2019-11-28,3475,3,4,7,5
2019-11-29,6851,6,8,5,1
2019-11-30,0103,0,1,0,3
2019-12-01,9141,9,1,4,1
2019-12-02,2513,2,5,1,3
2019-12-03,0134,0,1,3,4
2019-12-04,2283,2,2,8,3
2019-12-05,3204,3,2,0,4
2019-12-06,9059,9,0,5,9
2019-12-07,2878,2,8,7,8
2019-12-08,8405,8,4,0,5
2019-12-09,9650,9,6,5,0
2019-12-10,7790,7,7,9,0
2019-12-11,1421,1,4,2,1
2019-12-12,1157,1,1,5,7
2019-12-13,8781,8,7,8,1
2019-12-14,7879,7,8,7,9
2019-12-15,1090,1,0,9,0
2019-12-16,7522,7,5,2,2
2019-12-17,5334,5,3,3,4
2019-12-18,7372,7,3,7,2
2019-12-19,7394,7,3,9,4
2019-12-20,9471,9,4,7,1
2019-12-21,3875,3,8,7,5
2019-12-22,0012,0,0,1,2
2019-12-23,2488,2,4,8,8
2019-12-24,8286,8,2,8,6
2019-12-25,0939,0,9,3,9
2019-12-26,6762,6,7,6,2
2019-12-27,4311,4,3,1,1
2019-12-28,6059,6,0,5,9
2019-12-29,8298,8,2,9,8
2019-12-30,5501,5,5,0,1
2019-12-31,3449,3,4,4,9
2020-01-01,1045,1,0,4,5
2020-01-02,3046,3,0,4,6
2020-01-03,3761,3,7,6,1
2020-01-04,4147,4,1,4,7
2020-01-05,8896,8,8,9,6
2020-01-06,7535,7,5,3,5
2020-01-07,1455,1,4,5,5
2020-01-08,4145,4,1,4,5
2020-01-09,7474,7,4,7,4
2020-01-10,7224,7,2,2,4
2020-01-11,0383,0,3,8,3
2020-01-12,5848,5,8,4,8
2020-01-13,0806,0,8,0,6
2020-01-14,0277,0,2,7,7
2020-01-15,4687,4,6,8,7
2020-01-16,5618,5,6,1,8
2020-01-17,0566,0,5,6,6
2020-01-18,8427,8,4,2,7
2020-01-19,2192,2,1,9,2
2020-01-20,1498,1,4,9,8
2020-01-21,9121,9,1,2,1
2020-01-22,7699,7,6,9,9
2020-01-23,9651,9,6,5,1
2020-01-24,3894,3,8,9,4
2020-01-25,6765,6,7,6,5
2020-01-26,8242,8,2,4,2
2020-01-27,9819,9,8,1,9
2020-01-28,0018,0,0,1,8
2020-01-29,3808,3,8,0,8
2020-01-30,4314,4,3,1,4
2020-01-31,2530,2,5,3,0
2020-02-01,7340,7,3,4,0
2020-02-02,9412,9,4,1,2
2020-02-03,6554,6,5,5,4
2020-02-04,3122,3,1,2,2
2020-02-05,7202,7,2,0,2
2020-02-06,0880,0,8,8,0
2020-02-07,6054,6,0,5,4
2020-02-08,4122,4,1,2,2
2020-02-09,3748,3,7,4,8
2020-02-10,3362,3,3,6,2
2020-02-11,3704,3,7,0,4
2020-02-12,8055,8,0,5,5
2020-02-13,4860,4,8,6,0
2020-02-14,8947,8,9,4,7
2020-02-15,6140,6,1,4,0
2020-02-16,0318,0,3,1,8
2020-02-17,1985,1,9,8,5
2020-02-18,4360,4,3,6,0
2020-02-19,3708,3,7,0,8
2020-02-20,9066,9,0,6,6
2020-02-21,0083,0,0,8,3
2020-02-22,7618,7,6,1,8
2020-02-23,8628,8,6,2,8
2020-02-24,8388,8,3,8,8
2020-02-25,0623,0,6,2,3
2020-02-26,9221,9,2,2,1
2020-02-27,7904,7,9,0,4
2020-02-28,1140,1,1,4,0
2020-02-29,6745,6,7,4,5
2020-03-01,7675,7,6,7,5
2020-03-02,6907,6,9,0,7
2020-03-03,4253,4,2,5,3
2020-03-04,0035,0,0,3,5
2020-03-05,3652,3,6,5,2
2020-03-06,4892,4,8,9,2
2020-03-07,2801,2,8,0,1
2020-03-08,9948,9,9,4,8
2020-03-09,4573,4,5,7,3
2020-03-10,5120,5,1,2,0
2020-03-11,7738,7,7,3,8
2020-03-12,9256,9,2,5,6
2020-03-13,4554,4,5,5,4
2020-03-14,2238,2,2,3,8
2020-03-15,8127,8,1,2,7
2020-03-16,1102,1,1,0,2
2020-03-17,6565,6,5,6,5
2020-03-18,8044,8,0,4,4
2020-03-19,8341,8,3,4,1
2020-03-20,1148,1,1,4,8
2020-03-21,3279,3,2,7,9
2020-03-22,2099,2,0,9,9
2020-03-23,7336,7,3,3,6
2020-03-24,4326,4,3,2,6
2020-03-25,4074,4,0,7,4
2020-03-26,1190,1,1,9,0
2020-03-27,2093,2,0,9,3
2020-03-28,2364,2,3,6,4
2020-03-29,3155,3,1,5,5
2020-03-30,6749,6,7,4,9
2020-03-31,8473,8,4,7,3
2020-04-01,5187,5,1,8,7
2020-04-02,6254,6,2,5,4
2020-04-03,8216,8,2,1,6
2020-04-04,7225,7,2,2,5
2020-04-05,1779,1,7,7,9
2020-04-06,1707,1,7,0,7
2020-04-07,6462,6,4,6,2
2020-04-08,5802,5,8,0,2
2020-04-09,6450,6,4,5,0
2020-04-10,8136,8,1,3,6
2020-04-11,1094,1,0,9,4
2020-04-12,4126,4,1,2,6
2020-04-13,0037,0,0,3,7
2020-04-14,8705,8,7,0,5
2020-04-15,5346,5,3,4,6
2020-04-16,2539,2,5,3,9
2020-04-17,0647,0,6,4,7
2020-04-18,2300,2,3,0,0
2020-04-19,4256,4,2,5,6
2020-04-20,5605,5,6,0,5
2020-04-21,5815,5,8,1,5
2020-04-22,9936,9,9,3,6
2020-04-23,7558,7,5,5,8
2020-04-24,3157,3,1,5,7
2020-04-25,4597,4,5,9,7
2020-04-26,6723,6,7,2,3
2020-04-27,3648,3,6,4,8
2020-04-28,2537,2,5,3,7
2020-04-29,0393,0,3,9,3
2020-04-30,0408,0,4,0,8
2020-05-01,2133,2,1,3,3
2020-05-02,1417,1,4,1,7
2020-05-03,3905,3,9,0,5
2020-05-04,0581,0,5,8,1
2020-05-05,3384,3,3,8,4
2020-05-06,3254,3,2,5,4
2020-05-07,0258,0,2,5,8
2020-05-08,6857,6,8,5,7
2020-05-09,4529,4,5,2,9
2020-05-10,1846,1,8,4,6
2020-05-11,3340,3,3,4,0
2020-05-12,9427,9,4,2,7
2020-05-13,8747,8,7,4,7
2020-05-14,7246,7,2,4,6
2020-05-15,2313,2,3,1,3
2020-05-16,4286,4,2,8,6
2020-05-17,3466,3,4,6,6
2020-05-18,3877,3,8,7,7
2020-05-19,8853,8,8,5,3
2020-05-20,7033,7,0,3,3
2020-05-21,8993,8,9,9,3
2020-05-22,1008,1,0,0,8
2020-05-23,9729,9,7,2,9
2020-05-24,3498,3,4,9,8
2020-05-25,6602,6,6,0,2
2020-05-26,7988,7,9,8,8
2020-05-27,0466,0,4,6,6
2020-05-28,7260,7,2,6,0
2020-05-29,0120,0,1,2,0
2020-05-30,4277,4,2,7,7
2020-05-31,5723,5,7,2,3
2020-06-01,2479,2,4,7,9
2020-06-02,7242,7,2,4,2
2020-06-03,4635,4,6,3,5
2020-06-04,1717,1,7,1,7
2020-06-05,7856,7,8,5,6
2020-06-06,1013,1,0,1,3
2020-06-07,3265,3,2,6,5
2020-06-08,9055,9,0,5,5
2020-06-09,5901,5,9,0,1
2020-06-10,3576,3,5,7,6
2020-06-11,2518,2,5,1,8
2020-06-12,3671,3,6,7,1
2020-06-13,4062,4,0,6,2
2020-06-14,5312,5,3,1,2
2020-06-15,7682,7,6,8,2
2020-06-16,6570,6,5,7,0
2020-06-17,6398,6,3,9,8
2020-06-18,6832,6,8,3,2
2020-06-19,0591,0,5,9,1
2020-06-20,2678,2,6,7,8
2020-06-21,0343,0,3,4,3
2020-06-22,2416,2,4,1,6
2020-06-23,3022,3,0,2,2
2020-06-24,1292,1,2,9,2
2020-06-25,0036,0,0,3,6
2020-06-26,5548,5,5,4,8
2020-06-27,7561,7,5,6,1
2020-06-28,0167,0,1,6,7
2020-06-29,4386,4,3,8,6
2020-06-30,5200,5,2,0,0
2020-07-01,6308,6,3,0,8
2020-07-02,0747,0,7,4,7
2020-07-03,7765,7,7,6,5
2020-07-04,8103,8,1,0,3
2020-07-05,7801,7,8,0,1
2020-07-06,2713,2,7,1,3
2020-07-07,3424,3,4,2,4
2020-07-08,9888,9,8,8,8
2020-07-09,4727,4,7,2,7
2020-07-10,5282,5,2,8,2
2020-07-11,7183,7,1,8,3
2020-07-12,1416,1,4,1,6
2020-07-13,8192,8,1,9,2
2020-07-14,6742,6,7,4,2
2020-07-15,0370,0,3,7,0
2020-07-16,0339,0,3,3,9
2020-07-17,4168,4,1,6,8
2020-07-18,2307,2,3,0,7
2020-07-19,8525,8,5,2,5
2020-07-20,1703,1,7,0,3
2020-07-21,8586,8,5,8,6
2020-07-22,6055,6,0,5,5
2020-07-23,9316,9,3,1,6
2020-07-24,3712,3,7,1,2
2020-07-25,9931,9,9,3,1
2020-07-26,8872,8,8,7,2
2020-07-27,0517,0,5,1,7
2020-07-28,8484,8,4,8,4
2020-07-29,1847,1,8,4,7
2020-07-30,7413,7,4,1,3
2020-07-31,8198,8,1,9,8
2020-08-01,1652,1,6,5,2
2020-08-02,4558,4,5,5,8
2020-08-03,5228,5,2,2,8
2020-08-04,2083,2,0,8,3
2020-08-05,4419,4,4,1,9
2020-08-06,8445,8,4,4,5
2020-08-07,4856,4,8,5,6
2020-08-08,3254,3,2,5,4
2020-08-09,3341,3,3,4,1
2020-08-10,7284,7,2,8,4
2020-08-11,6504,6,5,0,4
2020-08-12,7122,7,1,2,2
2020-08-13,6891,6,8,9,1
2020-08-14,6086,6,0,8,6
2020-08-15,5126,5,1,2,6
2020-08-16,8704,8,7,0,4
2020-08-17,7064,7,0,6,4
2020-08-18,8520,8,5,2,0
2020-08-19,8453,8,4,5,3
2020-08-20,0963,0,9,6,3
2020-08-21,2488,2,4,8,8
2020-08-22,6449,6,4,4,9
2020-08-23,7292,7,2,9,2
2020-08-24,1444,1,4,4,4
2020-08-25,2997,2,9,9,7
2020-08-26,1647,1,6,4,7
2020-08-27,0808,0,8,0,8
2020-08-28,7329,7,3,2,9
2020-08-29,1571,1,5,7,1
2020-08-30,3848,3,8,4,8
2020-08-31,9816,9,8,1,6
2020-09-01,2500,2,5,0,0
2020-09-02,9516,9,5,1,6
2020-09-03,6895,6,8,9,5
2020-09-04,7022,7,0,2,2
2020-09-05,1218,1,2,1,8
2020-09-06,3231,3,2,3,1
2020-09-07,2765,2,7,6,5
2020-09-08,1980,1,9,8,0
2020-09-09,5635,5,6,3,5
2020-09-10,3454,3,4,5,4
2020-09-11,1255,1,2,5,5
2020-09-12,6710,6,7,1,0
2020-09-13,7813,7,8,1,3
2020-09-14,8043,8,0,4,3
2020-09-15,7948,7,9,4,8
2020-09-16,1630,1,6,3,0
2020-09-17,5894,5,8,9,4
2020-09-18,1734,1,7,3,4
2020-09-19,5980,5,9,8,0
2020-09-20,3245,3,2,4,5
2020-09-21,0260,0,2,6,0
2020-09-22,7659,7,6,5,9
2020-09-23,5095,5,0,9,5
2020-09-24,8461,8,4,6,1
2020-09-25,8385,8,3,8,5
2020-09-26,3034,3,0,3,4
2020-09-27,9250,9,2,5,0
2020-09-28,8988,8,9,8,8
2020-09-29,3603,3,6,0,3
2020-09-30,9753,9,7,5,3
2020-10-01,3846,3,8,4,6
2020-10-02,7526,7,5,2,6
2020-10-03,4125,4,1,2,5
2020-10-04,0593,0,5,9,3
2020-10-05,2641,2,6,4,1
2020-10-06,4267,4,2,6,7
2020-10-07,0820,0,8,2,0
2020-10-08,0301,0,3,0,1
2020-10-09,3265,3,2,6,5
2020-10-10,1125,1,1,2,5
2020-10-11,8902,8,9,0,2
2020-10-12,3951,3,9,5,1
2020-10-13,2640,2,6,4,0
2020-10-14,8748,8,7,4,8
2020-10-15,0187,0,1,8,7
2020-10-16,4916,4,9,1,6
2020-10-17,3602,3,6,0,2
2020-10-18,2309,2,3,0,9
2020-10-19,1402,1,4,0,2
2020-10-20,0257,0,2,5,7
2020-10-21,2006,2,0,0,6
2020-10-22,6423,6,4,2,3
2020-10-23,6652,6,6,5,2
2020-10-24,3670,3,6,7,0
2020-10-25,3625,3,6,2,5
2020-10-26,6084,6,0,8,4
2020-10-27,9895,9,8,9,5
2020-10-28,7452,7,4,5,2
2020-10-29,3089,3,0,8,9
2020-10-30,3331,3,3,3,1
2020-10-31,2038,2,0,3,8
2020-11-01,5315,5,3,1,5
2020-11-02,3572,3,5,7,2
2020-11-03,0537,0,5,3,7
2020-11-04,8017,8,0,1,7
2020-11-05,2429,2,4,2,9
2020-11-06,9328,9,3,2,8
2020-11-07,3411,3,4,1,1
2020-11-08,8795,8,7,9,5
2020-11-09,8431,8,4,3,1
2020-11-10,4349,4,3,4,9
2020-11-11,8714,8,7,1,4
2020-11-12,7965,7,9,6,5
2020-11-13,1789,1,7,8,9
2020-11-14,2471,2,4,7,1
2020-11-15,1065,1,0,6,5
2020-11-16,7633,7,6,3,3
2020-11-17,2915,2,9,1,5
2020-11-18,0561,0,5,6,1
2020-11-19,8360,8,3,6,0
2020-11-20,7498,7,4,9,8
2020-11-21,2743,2,7,4,3
2020-11-22,4610,4,6,1,0
2020-11-23,0406,0,4,0,6
2020-11-24,7140,7,1,4,0
2020-11-25,5906,5,9,0,6
2020-11-26,9055,9,0,5,5
2020-11-27,5654,5,6,5,4
2020-11-28,4985,4,9,8,5
2020-11-29,7228,7,2,2,8
2020-11-30,6545,6,5,4,5
2020-12-01,2484,2,4,8,4
2020-12-02,2210,2,2,1,0
2020-12-03,1191,1,1,9,1
2020-12-04,3972,3,9,7,2
2020-12-05,5254,5,2,5,4
2020-12-06,2574,2,5,7,4
2020-12-07,2020,2,0,2,0
2020-12-08,2680,2,6,8,0
2020-12-09,7929,7,9,2,9
2020-12-10,2135,2,1,3,5
2020-12-11,0925,0,9,2,5
2020-12-12,0918,0,9,1,8
2020-12-13,0799,0,7,9,9
2020-12-14,5697,5,6,9,7
2020-12-15,6431,6,4,3,1
2020-12-16,7654,7,6,5,4
2020-12-17,7406,7,4,0,6
2020-12-18,8227,8,2,2,7
2020-12-19,2074,2,0,7,4
2020-12-20,6147,6,1,4,7
2020-12-21,6214,6,2,1,4
2020-12-22,9279,9,2,7,9
2020-12-23,8429,8,4,2,9
2020-12-24,5464,5,4,6,4
2020-12-25,1655,1,6,5,5
2020-12-26,4431,4,4,3,1
2020-12-27,6456,6,4,5,6
2020-12-28,3049,3,0,4,9
2020-12-29,4988,4,9,8,8
2020-12-30,4905,4,9,0,5
2020-12-31,0717,0,7,1,7
2021-01-01,8722,8,7,2,2
2021-01-02,0206,0,2,0,6
2021-01-03,7339,7,3,3,9
2021-01-04,1784,1,7,8,4
2021-01-05,7342,7,3,4,2
2021-01-06,8978,8,9,7,8
2021-01-07,4736,4,7,3,6
2021-01-08,6960,6,9,6,0
2021-01-09,2487,2,4,8,7
2021-01-10,3802,3,8,0,2
2021-01-11,3796,3,7,9,6
2021-01-12,7052,7,0,5,2
2021-01-13,1944,1,9,4,4
2021-01-14,1985,1,9,8,5
2021-01-15,6586,6,5,8,6
2021-01-16,1653,1,6,5,3
2021-01-17,1892,1,8,9,2
2021-01-18,7673,7,6,7,3
2021-01-19,0191,0,1,9,1
2021-01-20,1039,1,0,3,9
2021-01-21,5990,5,9,9,0
2021-01-22,5507,5,5,0,7
2021-01-23,7737,7,7,3,7
2021-01-24,0432,0,4,3,2
2021-01-25,3246,3,2,4,6
2021-01-26,1927,1,9,2,7
2021-01-27,4509,4,5,0,9
2021-01-28,4289,4,2,8,9
2021-01-29,6386,6,3,8,6
2021-01-30,8810,8,8,1,0
2021-01-31,3800,3,8,0,0
2021-02-01,4189,4,1,8,9
2021-02-02,0735,0,7,3,5
2021-02-03,5063,5,0,6,3
2021-02-04,0124,0,1,2,4
2021-02-05,9647,9,6,4,7
2021-02-06,0691,0,6,9,1
2021-02-07,9460,9,4,6,0
2021-02-08,2734,2,7,3,4
2021-02-09,1829,1,8,2,9
2021-02-10,9074,9,0,7,4
2021-02-11,9115,9,1,1,5
2021-02-12,5831,5,8,3,1
2021-02-13,6403,6,4,0,3
2021-02-14,3357,3,3,5,7
2021-02-15,3551,3,5,5,1
2021-02-16,8303,8,3,0,3
2021-02-17,8206,8,2,0,6
2021-02-18,3718,3,7,1,8
2021-02-19,5401,5,4,0,1
2021-02-20,0888,0,8,8,8
2021-02-21,9409,9,4,0,9
2021-02-22,6701,6,7,0,1
2021-02-23,6515,6,5,1,5
2021-02-24,5679,5,6,7,9
2021-02-25,6458,6,4,5,8
2021-02-26,3481,3,4,8,1
2021-02-27,7148,7,1,4,8
2021-02-28,2745,2,7,4,5
2021-03-01,9167,9,1,6,7
2021-03-02,0633,0,6,3,3
2021-03-03,7504,7,5,0,4
2021-03-04,9143,9,1,4,3
2021-03-05,5287,5,2,8,7
2021-03-06,3617,3,6,1,7
2021-03-07,2578,2,5,7,8
2021-03-08,0057,0,0,5,7
2021-03-09,7830,7,8,3,0
2021-03-10,9708,9,7,0,8
2021-03-11,5298,5,2,9,8
2021-03-12,2051,2,0,5,1
2021-03-13,6805,6,8,0,5
2021-03-14,5680,5,6,8,0
2021-03-15,8397,8,3,9,7
2021-03-16,1223,1,2,2,3
2021-03-17,4313,4,3,1,3
2021-03-18,0286,0,2,8,6
2021-03-19,9981,9,9,8,1
2021-03-20,6112,6,1,1,2
2021-03-21,8465,8,4,6,5
2021-03-22,8439,8,4,3,9
2021-03-23,4419,4,4,1,9
2021-03-24,7417,7,4,1,7
2021-03-25,5496,5,4,9,6
2021-03-26,1868,1,8,6,8
2021-03-27,5218,5,2,1,8
2021-03-28,6480,6,4,8,0
2021-03-29,7350,7,3,5,0
2021-03-30,9309,9,3,0,9
2021-03-31,7876,7,8,7,6
2021-04-01,3871,3,8,7,1
2021-04-02,7563,7,5,6,3
2021-04-03,4228,4,2,2,8
2021-04-04,5087,5,0,8,7
2021-04-05,7361,7,3,6,1
2021-04-06,9809,9,8,0,9
2021-04-07,5066,5,0,6,6
2021-04-08,5658,5,6,5,8
2021-04-09,7727,7,7,2,7
2021-04-10,0154,0,1,5,4
2021-04-11,3521,3,5,2,1
2021-04-12,2033,2,0,3,3
2021-04-13,6164,6,1,6,4
2021-04-14,5910,5,9,1,0
2021-04-15,2268,2,2,6,8
2021-04-16,1663,1,6,6,3
2021-04-17,5198,5,1,9,8
2021-04-18,1059,1,0,5,9
2021-04-19,6501,6,5,0,1
2021-04-20,9125,9,1,2,5
2021-04-21,6025,6,0,2,5
2021-04-22,0916,0,9,1,6
2021-04-23,9969,9,9,6,9
2021-04-24,7064,7,0,6,4
2021-04-25,1802,1,8,0,2
2021-04-26,8029,8,0,2,9
2021-04-27,6914,6,9,1,4
2021-04-28,0926,0,9,2,6
2021-04-29,4692,4,6,9,2
2021-04-30,7047,7,0,4,7
2021-05-01,0567,0,5,6,7
2021-05-02,0594,0,5,9,4
2021-05-03,6913,6,9,1,3
2021-05-04,7984,7,9,8,4
2021-05-05,3979,3,9,7,9
2021-05-06,3007,3,0,0,7
2021-05-07,8556,8,5,5,6
2021-05-08,0249,0,2,4,9
2021-05-09,0044,0,0,4,4
2021-05-10,9300,9,3,0,0
2021-05-11,0930,0,9,3,0
2021-05-12,6957,6,9,5,7
2021-05-13,6187,6,1,8,7
2021-05-14,3173,3,1,7,3
2021-05-15,1482,1,4,8,2
2021-05-16,1915,1,9,1,5
2021-05-17,4067,4,0,6,7
2021-05-18,8429,8,4,2,9
2021-05-19,5238,5,2,3,8
2021-05-20,2854,2,8,5,4
2021-05-21,8494,8,4,9,4
2021-05-22,3298,3,2,9,8
2021-05-23,2959,2,9,5,9
2021-05-24,4812,4,8,1,2
2021-05-25,0657,0,6,5,7
2021-05-26,5618,5,6,1,8
2021-05-27,3486,3,4,8,6
2021-05-28,2443,2,4,4,3
2021-05-29,9854,9,8,5,4
2021-05-30,4581,4,5,8,1
2021-05-31,1993,1,9,9,3
2021-06-01,3810,3,8,1,0
2021-06-02,8929,8,9,2,9
2021-06-03,2350,2,3,5,0
2021-06-04,9899,9,8,9,9
2021-06-05,1429,1,4,2,9
2021-06-06,9419,9,4,1,9
2021-06-07,2814,2,8,1,4
2021-06-08,1406,1,4,0,6
2021-06-09,8161,8,1,6,1
2021-06-10,0608,0,6,0,8
2021-06-11,6234,6,2,3,4
2021-06-12,2971,2,9,7,1
2021-06-13,8998,8,9,9,8
2021-06-14,8926,8,9,2,6
2021-06-15,6932,6,9,3,2
2021-06-16,6760,6,7,6,0
2021-06-17,8934,8,9,3,4
2021-06-18,9809,9,8,0,9
2021-06-19,0920,0,9,2,0
2021-06-20,9903,9,9,0,3
2021-06-21,4122,4,1,2,2
2021-06-22,9096,9,0,9,6
2021-06-23,6520,6,5,2,0
2021-06-24,7790,7,7,9,0
2021-06-25,6624,6,6,2,4
2021-06-26,9115,9,1,1,5
2021-06-27,3104,3,1,0,4
2021-06-28,0863,0,8,6,3
2021-06-29,0239,0,2,3,9
2021-06-30,5546,5,5,4,6
2021-07-01,1693,1,6,9,3
2021-07-02,8312,8,3,1,2
2021-07-03,2147,2,1,4,7
2021-07-04,5122,5,1,2,2
2021-07-05,1791,1,7,9,1
2021-07-06,8137,8,1,3,7
2021-07-07,1888,1,8,8,8
2021-07-08,3072,3,0,7,2
2021-07-09,7056,7,0,5,6
2021-07-10,6040,6,0,4,0
2021-07-11,7221,7,2,2,1
2021-07-12,8090,8,0,9,0
2021-07-13,5192,5,1,9,2
2021-07-14,9599,9,5,9,9
2021-07-15,4395,4,3,9,5
2021-07-16,1669,1,6,6,9
2021-07-17,5079,5,0,7,9
2021-07-18,7300,7,3,0,0
2021-07-19,0290,0,2,9,0
2021-07-20,0548,0,5,4,8
2021-07-21,6161,6,1,6,1
2021-07-22,0062,0,0,6,2
2021-07-23,2219,2,2,1,9
2021-07-24,3772,3,7,7,2
2021-07-25,3516,3,5,1,6
2021-07-26,2838,2,8,3,8
2021-07-27,0930,0,9,3,0
2021-07-28,9884,9,8,8,4
2021-07-29,1138,1,1,3,8
2021-07-30,7910,7,9,1,0
2021-07-31,2979,2,9,7,9
2021-08-01,2846,2,8,4,6
2021-08-02,0461,0,4,6,1
2021-08-03,4285,4,2,8,5
2021-08-04,6086,6,0,8,6
2021-08-05,3625,3,6,2,5
2021-08-06,0213,0,2,1,3
2021-08-07,6170,6,1,7,0
2021-08-08,5092,5,0,9,2
2021-08-09,2750,2,7,5,0
2021-08-10,9206,9,2,0,6
2021-08-11,3193,3,1,9,3
2021-08-12,9868,9,8,6,8
2021-08-13,6795,6,7,9,5
2021-08-14,6536,6,5,3,6
2021-08-15,1135,1,1,3,5
2021-08-16,3749,3,7,4,9
2021-08-17,8277,8,2,7,7
2021-08-18,4811,4,8,1,1
2021-08-19,0883,0,8,8,3
2021-08-20,6772,6,7,7,2
2021-08-21,1220,1,2,2,0
2021-08-22,2841,2,8,4,1
2021-08-23,9963,9,9,6,3
2021-08-24,9804,9,8,0,4
2021-08-25,0315,0,3,1,5
2021-08-26,9216,9,2,1,6
2021-08-27,0852,0,8,5,2
2021-08-28,3320,3,3,2,0
2021-08-29,9150,9,1,5,0
2021-08-30,8566,8,5,6,6
2021-08-31,2519,2,5,1,9
2021-09-01,6881,6,8,8,1
2021-09-02,1231,1,2,3,1
2021-09-03,4503,4,5,0,3
2021-09-04,9587,9,5,8,7
2021-09-05,4097,4,0,9,7
2021-09-06,8962,8,9,6,2
2021-09-07,3990,3,9,9,0
2021-09-08,1765,1,7,6,5
2021-09-09,2913,2,9,1,3
2021-09-10,8299,8,2,9,9
2021-09-11,7948,7,9,4,8
2021-09-12,5191,5,1,9,1
2021-09-13,2002,2,0,0,2
2021-09-14,0984,0,9,8,4
2021-09-15,4580,4,5,8,0
2021-09-16,5300,5,3,0,0
2021-09-17,3148,3,1,4,8
2021-09-18,5823,5,8,2,3
2021-09-19,2612,2,6,1,2
2021-09-20,3806,3,8,0,6
2021-09-21,3728,3,7,2,8
2021-09-22,9906,9,9,0,6
2021-09-23,7911,7,9,1,1
2021-09-24,0905,0,9,0,5
2021-09-25,4503,4,5,0,3
2021-09-26,9732,9,7,3,2
2021-09-27,3527,3,5,2,7
2021-09-28,6737,6,7,3,7
2021-09-29,0675,0,6,7,5
2021-09-30,2538,2,5,3,8
2021-10-01,0948,0,9,4,8
2021-10-02,2438,2,4,3,8
2021-10-03,9360,9,3,6,0
2021-10-04,8471,8,4,7,1
2021-10-05,4294,4,2,9,4
2021-10-06,6043,6,0,4,3
2021-10-07,0617,0,6,1,7
2021-10-08,9492,9,4,9,2
2021-10-09,9388,9,3,8,8
2021-10-10,3896,3,8,9,6
2021-10-11,4153,4,1,5,3
2021-10-12,5769,5,7,6,9
2021-10-13,4908,4,9,0,8
2021-10-14,7492,7,4,9,2
2021-10-15,6821,6,8,2,1
2021-10-16,1772,1,7,7,2
2021-10-17,4151,4,1,5,1
2021-10-18,6034,6,0,3,4
2021-10-19,2731,2,7,3,1
2021-10-20,9173,9,1,7,3
2021-10-21,0416,0,4,1,6
2021-10-22,1188,1,1,8,8
2021-10-23,9810,9,8,1,0
2021-10-24,7349,7,3,4,9
2021-10-25,0610,0,6,1,0
2021-10-26,1103,1,1,0,3
2021-10-27,0764,0,7,6,4
2021-10-28,3800,3,8,0,0
2021-10-29,9133,9,1,3,3
2021-10-30,1291,1,2,9,1
2021-10-31,6818,6,8,1,8
2021-11-01,8036,8,0,3,6
2021-11-02,9409,9,4,0,9
2021-11-03,6270,6,2,7,0
2021-11-04,9875,9,8,7,5
2021-11-05,7265,7,2,6,5
2021-11-06,3290,3,2,9,0
2021-11-07,1087,1,0,8,7
2021-11-08,9811,9,8,1,1
2021-11-09,2907,2,9,0,7
2021-11-10,1262,1,2,6,2
2021-11-11,7249,7,2,4,9
2021-11-12,0119,0,1,1,9
2021-11-13,7216,7,2,1,6
2021-11-14,8151,8,1,5,1
2021-11-15,4568,4,5,6,8
2021-11-16,4599,4,5,9,9
2021-11-17,8658,8,6,5,8
2021-11-18,7608,7,6,0,8
2021-11-19,8572,8,5,7,2
2021-11-20,9339,9,3,3,9
2021-11-21,9833,9,8,3,3
2021-11-22,7656,7,6,5,6
2021-11-23,0339,0,3,3,9
2021-11-24,2645,2,6,4,5
2021-11-25,7401,7,4,0,1
2021-11-26,0879,0,8,7,9
2021-11-27,0500,0,5,0,0
2021-11-28,3036,3,0,3,6
2021-11-29,8871,8,8,7,1
2021-11-30,9375,9,3,7,5
2021-12-01,5622,5,6,2,2
2021-12-02,1789,1,7,8,9
2021-12-03,1395,1,3,9,5
2021-12-04,1542,1,5,4,2
2021-12-05,8087,8,0,8,7
2021-12-06,2626,2,6,2,6
2021-12-07,7712,7,7,1,2
2021-12-08,9482,9,4,8,2
2021-12-09,2741,2,7,4,1
2021-12-10,1063,1,0,6,3
2021-12-11,5714,5,7,1,4
2021-12-12,6944,6,9,4,4
2021-12-13,8647,8,6,4,7
2021-12-14,5268,5,2,6,8
2021-12-15,1980,1,9,8,0
2021-12-16,7687,7,6,8,7
2021-12-17,9492,9,4,9,2
2021-12-18,0039,0,0,3,9
2021-12-19,7780,7,7,8,0
2021-12-20,5368,5,3,6,8
2021-12-21,9619,9,6,1,9
2021-12-22,3053,3,0,5,3
2021-12-23,4505,4,5,0,5
2021-12-24,3842,3,8,4,2
2021-12-25,0760,0,7,6,0
2021-12-26,8478,8,4,7,8
2021-12-27,8751,8,7,5,1
2021-12-28,8515,8,5,1,5
2021-12-29,6031,6,0,3,1
2021-12-30,0362,0,3,6,2
2021-12-31,5282,5,2,8,2
2022-01-01,0385,0,3,8,5
2022-01-02,0811,0,8,1,1
2022-01-03,5856,5,8,5,6
2022-01-04,7054,7,0,5,4
2022-01-05,2051,2,0,5,1
2022-01-06,9550,9,5,5,0
2022-01-07,0291,0,2,9,1
2022-01-08,1939,1,9,3,9
2022-01-09,0014,0,0,1,4
2022-01-10,1356,1,3,5,6
2022-01-11,0180,0,1,8,0
2022-01-12,2074,2,0,7,4
2022-01-13,6879,6,8,7,9
2022-01-14,6998,6,9,9,8
2022-01-15,9706,9,7,0,6
2022-01-16,0298,0,2,9,8
2022-01-17,3948,3,9,4,8
2022-01-18,6439,6,4,3,9
2022-01-19,6123,6,1,2,3
2022-01-20,4367,4,3,6,7
2022-01-21,8376,8,3,7,6
2022-01-22,1281,1,2,8,1
2022-01-23,3151,3,1,5,1
2022-01-24,3750,3,7,5,0
2022-01-25,5732,5,7,3,2
2022-01-26,5440,5,4,4,0
2022-01-27,8301,8,3,0,1
2022-01-28,9065,9,0,6,5
2022-01-29,6083,6,0,8,3
2022-01-30,9153,9,1,5,3
2022-01-31,4131,4,1,3,1
2022-02-01,8499,8,4,9,9
2022-02-02,9161,9,1,6,1
2022-02-03,8985,8,9,8,5
2022-02-04,0186,0,1,8,6
2022-02-05,3473,3,4,7,3
2022-02-06,1913,1,9,1,3
2022-02-07,5601,5,6,0,1
2022-02-08,3875,3,8,7,5
2022-02-09,6061,6,0,6,1
2022-02-10,5814,5,8,1,4
2022-02-11,6524,6,5,2,4
2022-02-12,6206,6,2,0,6
2022-02-13,8734,8,7,3,4
2022-02-14,2998,2,9,9,8
2022-02-15,2335,2,3,3,5
2022-02-16,8599,8,5,9,9
2022-02-17,2104,2,1,0,4
2022-02-18,2917,2,9,1,7
2022-02-19,5516,5,5,1,6
2022-02-20,8313,8,3,1,3
2022-02-21,1179,1,1,7,9
2022-02-22,9254,9,2,5,4
2022-02-23,6753,6,7,5,3
2022-02-24,3337,3,3,3,7
2022-02-25,0887,0,8,8,7
2022-02-26,0314,0,3,1,4
2022-02-27,6266,6,2,6,6
2022-02-28,0357,0,3,5,7
2022-03-01,6612,6,6,1,2
2022-03-02,5720,5,7,2,0
2022-03-03,5795,5,7,9,5
2022-03-04,9811,9,8,1,1
2022-03-05,8535,8,5,3,5
2022-03-06,0885,0,8,8,5
2022-03-07,1305,1,3,0,5
2022-03-08,3629,3,6,2,9
2022-03-09,6287,6,2,8,7
2022-03-10,6249,6,2,4,9
2022-03-11,1860,1,8,6,0
2022-03-12,7520,7,5,2,0
2022-03-13,3695,3,6,9,5
2022-03-14,0091,0,0,9,1
2022-03-15,1200,1,2,0,0
2022-03-16,5693,5,6,9,3
2022-03-17,5891,5,8,9,1
2022-03-18,4296,4,2,9,6
2022-03-19,6718,6,7,1,8
2022-03-20,0831,0,8,3,1
2022-03-21,5378,5,3,7,8
2022-03-22,9652,9,6,5,2
2022-03-23,3795,3,7,9,5
2022-03-24,5692,5,6,9,2
2022-03-25,9363,9,3,6,3
2022-03-26,1752,1,7,5,2
2022-03-27,2206,2,2,0,6
2022-03-28,8720,8,7,2,0
2022-03-29,1440,1,4,4,0
2022-03-30,8773,8,7,7,3
2022-03-31,3215,3,2,1,5
2022-04-01,3156,3,1,5,6
2022-04-02,4410,4,4,1,0
2022-04-03,5723,5,7,2,3
2022-04-04,8169,8,1,6,9
2022-04-05,1027,1,0,2,7
2022-04-06,4631,4,6,3,1
2022-04-07,1959,1,9,5,9
2022-04-08,3832,3,8,3,2
2022-04-09,6409,6,4,0,9
2022-04-10,5392,5,3,9,2
2022-04-11,6172,6,1,7,2
2022-04-12,7802,7,8,0,2
2022-04-13,4971,4,9,7,1
2022-04-14,4772,4,7,7,2
2022-04-15,5282,5,2,8,2
2022-04-16,3483,3,4,8,3
2022-04-17,5563,5,5,6,3
2022-04-18,3090,3,0,9,0
2022-04-19,2344,2,3,4,4
2022-04-20,9583,9,5,8,3
2022-04-21,8919,8,9,1,9
2022-04-22,9064,9,0,6,4
2022-04-23,6255,6,2,5,5
2022-04-24,3491,3,4,9,1
2022-04-25,3678,3,6,7,8
2022-04-26,5656,5,6,5,6
2022-04-27,1925,1,9,2,5
2022-04-28,3424,3,4,2,4
2022-04-29,9298,9,2,9,8
2022-04-30,1937,1,9,3,7
2022-05-01,7464,7,4,6,4
2022-05-02,1335,1,3,3,5
2022-05-03,1877,1,8,7,7
2022-05-04,5060,5,0,6,0
2022-05-05,5340,5,3,4,0
2022-05-06,9205,9,2,0,5
2022-05-07,4621,4,6,2,1
2022-05-08,2961,2,9,6,1
2022-05-09,2439,2,4,3,9
2022-05-10,1760,1,7,6,0
2022-05-11,9389,9,3,8,9
2022-05-12,1535,1,5,3,5
2022-05-13,5841,5,8,4,1
2022-05-14,1114,1,1,1,4
2022-05-15,4102,4,1,0,2
2022-05-16,3988,3,9,8,8
2022-05-17,5782,5,7,8,2
2022-05-18,7801,7,8,0,1
2022-05-19,6526,6,5,2,6
2022-05-20,1205,1,2,0,5
2022-05-21,7296,7,2,9,6
2022-05-22,5470,5,4,7,0
2022-05-23,2828,2,8,2,8
2022-05-24,3764,3,7,6,4
2022-05-25,6644,6,6,4,4
2022-05-26,8114,8,1,1,4
2022-05-27,4470,4,4,7,0
2022-05-28,7708,7,7,0,8
2022-05-29,7217,7,2,1,7
2022-05-30,8954,8,9,5,4
2022-05-31,4928,4,9,2,8
2022-06-01,0756,0,7,5,6
2022-06-02,5118,5,1,1,8
2022-06-03,4261,4,2,6,1
2022-06-04,1548,1,5,4,8
2022-06-05,0477,0,4,7,7
2022-06-06,6863,6,8,6,3
2022-06-07,7441,7,4,4,1
2022-06-08,3819,3,8,1,9
2022-06-09,1172,1,1,7,2
2022-06-10,9104,9,1,0,4
2022-06-11,1193,1,1,9,3
2022-06-12,7638,7,6,3,8
2022-06-13,8739,8,7,3,9
2022-06-14,0951,0,9,5,1
2022-06-15,8771,8,7,7,1
2022-06-16,8665,8,6,6,5
2022-06-17,4372,4,3,7,2
2022-06-18,3507,3,5,0,7
2022-06-19,2603,2,6,0,3
2022-06-20,5218,5,2,1,8
2022-06-21,2165,2,1,6,5
2022-06-22,3760,3,7,6,0
2022-06-23,0941,0,9,4,1
2022-06-24,5319,5,3,1,9
2022-06-25,9339,9,3,3,9
2022-06-26,5060,5,0,6,0
2022-06-27,6614,6,6,1,4
2022-06-28,8543,8,5,4,3
2022-06-29,1965,1,9,6,5
2022-06-30,1647,1,6,4,7
2022-07-01,8591,8,5,9,1
2022-07-02,0524,0,5,2,4
2022-07-03,6944,6,9,4,4
2022-07-04,0427,0,4,2,7
2022-07-05,5865,5,8,6,5
2022-07-06,3715,3,7,1,5
2022-07-07,1878,1,8,7,8
2022-07-08,2576,2,5,7,6
2022-07-09,6952,6,9,5,2
2022-07-10,1954,1,9,5,4
2022-07-11,0384,0,3,8,4
2022-07-12,2135,2,1,3,5
2022-07-13,5199,5,1,9,9
2022-07-14,5485,5,4,8,5
2022-07-15,7833,7,8,3,3
2022-07-16,0954,0,9,5,4
2022-07-17,2380,2,3,8,0
2022-07-18,4776,4,7,7,6
2022-07-19,6711,6,7,1,1
2022-07-20,4413,4,4,1,3
2022-07-21,2201,2,2,0,1
2022-07-22,1664,1,6,6,4
2022-07-23,0398,0,3,9,8
2022-07-24,9283,9,2,8,3
2022-07-25,4360,4,3,6,0
2022-07-26,4623,4,6,2,3
2022-07-27,0265,0,2,6,5
2022-07-28,4520,4,5,2,0
2022-07-29,1645,1,6,4,5
2022-07-30,5963,5,9,6,3
2022-07-31,5729,5,7,2,9
2022-08-01,9837,9,8,3,7
2022-08-02,7289,7,2,8,9
2022-08-03,6411,6,4,1,1
2022-08-04,9944,9,9,4,4
2022-08-05,9521,9,5,2,1
2022-08-06,4148,4,1,4,8
2022-08-07,9986,9,9,8,6
2022-08-08,7491,7,4,9,1
2022-08-09,9771,9,7,7,1
2022-08-10,2436,2,4,3,6
2022-08-11,5444,5,4,4,4
2022-08-12,4852,4,8,5,2
2022-08-13,1195,1,1,9,5
2022-08-14,0242,0,2,4,2
2022-08-15,9615,9,6,1,5
2022-08-16,4185,4,1,8,5
2022-08-17,2458,2,4,5,8
2022-08-18,4484,4,4,8,4
2022-08-19,7722,7,7,2,2
2022-08-20,4028,4,0,2,8
2022-08-21,4101,4,1,0,1
2022-08-22,2650,2,6,5,0
2022-08-23,1232,1,2,3,2
2022-08-24,9412,9,4,1,2
2022-08-25,1585,1,5,8,5
2022-08-26,5733,5,7,3,3
2022-08-27,7574,7,5,7,4
2022-08-28,4806,4,8,0,6
2022-08-29,2667,2,6,6,7
2022-08-30,0512,0,5,1,2
2022-08-31,6801,6,8,0,1
2022-09-01,2389,2,3,8,9
2022-09-02,6628,6,6,2,8
2022-09-03,5054,5,0,5,4
2022-09-04,6404,6,4,0,4
2022-09-05,1025,1,0,2,5
2022-09-06,9910,9,9,1,0
2022-09-07,5197,5,1,9,7
2022-09-08,2972,2,9,7,2
2022-09-09,7576,7,5,7,6
2022-09-10,7831,7,8,3,1
2022-09-11,0661,0,6,6,1
2022-09-12,5765,5,7,6,5
2022-09-13,7528,7,5,2,8
2022-09-14,1454,1,4,5,4
2022-09-15,3401,3,4,0,1
2022-09-16,3498,3,4,9,8
2022-09-17,7643,7,6,4,3
2022-09-18,7994,7,9,9,4
2022-09-19,5865,5,8,6,5
2022-09-20,9436,9,4,3,6
2022-09-21,1597,1,5,9,7
2022-09-22,7546,7,5,4,6
2022-09-23,1874,1,8,7,4
2022-09-24,7015,7,0,1,5
2022-09-25,4755,4,7,5,5
2022-09-26,7456,7,4,5,6
2022-09-27,6443,2,2,0,2
2022-09-28,9639,9,6,3,9
2022-09-29,3429,3,4,2,9
2022-09-30,2664,2,6,6,4
2022-10-01,6346,6,3,4,6
2022-10-02,2652,2,6,5,2
2022-10-03,9794,9,7,9,4
2022-10-04,2413,2,4,1,3
2022-10-05,8964,8,9,6,4
2022-10-06,1473,1,4,7,3
2022-10-07,5235,5,2,3,5
2022-10-08,6044,6,0,4,4
2022-10-09,2056,2,0,5,6
2022-10-10,3576,3,5,7,6
2022-10-11,0606,0,6,0,6
2022-10-12,5977,5,9,7,7
2022-10-13,5080,5,0,8,0
2022-10-14,7712,7,7,1,2
2022-10-15,5629,5,6,2,9
2022-10-16,3755,3,7,5,5
2022-10-17,9727,9,7,2,7
2022-10-18,7470,7,4,7,0
2022-10-19,8685,8,6,8,5
2022-10-20,2920,2,9,2,0
2022-10-21,6110,6,1,1,0
2022-10-22,5198,5,1,9,8
2022-10-23,4985,4,9,8,5
2022-10-24,4071,4,0,7,1
2022-10-25,5095,5,0,9,5
2022-10-26,1239,1,2,3,9
2022-10-27,7497,7,4,9,7
2022-10-28,3219,3,2,1,9
2022-10-29,7234,7,2,3,4
2022-10-30,5377,5,3,7,7
2022-10-31,5520,5,5,2,0
2022-11-01,6102,6,1,0,2
2022-11-02,6471,6,4,7,1
2022-11-03,7683,7,6,8,3
2022-11-04,9594,9,5,9,4
2022-11-05,5734,5,7,3,4
2022-11-06,5552,5,5,5,2
2022-11-07,6761,6,7,6,1
2022-11-08,0975,0,9,7,5
2022-11-09,3436,3,4,3,6
2022-11-10,0450,0,4,5,0
2022-11-11,7346,7,3,4,6
2022-11-12,9067,9,0,6,7
2022-11-13,6412,6,4,1,2
2022-11-14,7865,7,8,6,5
2022-11-15,5173,5,1,7,3
2022-11-16,8131,8,1,3,1
2022-11-17,8483,8,4,8,3
2022-11-18,7236,7,2,3,6
2022-11-19,1462,1,4,6,2
2022-11-20,2230,2,2,3,0
2022-11-21,8742,8,7,4,2
2022-11-22,2538,2,5,3,8
2022-11-23,9064,9,0,6,4
2022-11-24,4457,4,4,5,7
2022-11-25,1263,1,2,6,3
2022-11-26,2226,2,2,2,6
2022-11-27,4313,4,3,1,3
2022-11-28,5140,5,1,4,0
2022-11-29,6320,6,3,2,0
2022-11-30,0542,0,5,4,2
2022-12-01,6660,6,6,6,0
2022-12-02,7000,7,0,0,0
2022-12-03,6660,6,6,6,0
2022-12-04,3418,3,4,1,8
2022-12-05,3741,3,7,4,1
2022-12-06,6582,6,5,8,2
2022-12-07,1398,1,3,9,8
2022-12-08,4658,4,6,5,8
2022-12-09,6249,6,2,4,9
2022-12-10,8115,8,1,1,5
2022-12-11,5459,5,4,5,9
2022-12-12,2413,2,4,1,3
2022-12-13,0595,0,5,9,5
2022-12-14,8053,8,0,5,3
2022-12-15,4539,4,5,3,9
2022-12-16,2491,2,4,9,1
2022-12-17,0927,0,9,2,7
2022-12-18,4973,4,9,7,3
2022-12-19,9895,9,8,9,5
2022-12-20,4165,4,1,6,5
2022-12-21,9531,9,5,3,1
2022-12-22,4421,4,4,2,1
2022-12-23,9951,9,9,5,1
2022-12-24,2689,2,6,8,9
2022-12-25,4103,4,1,0,3
2022-12-26,6417,6,4,1,7
2022-12-27,6283,6,2,8,3
2022-12-28,9497,9,4,9,7
2022-12-29,7841,7,8,4,1
2022-12-30,1772,1,7,7,2
2022-12-31,2738,2,7,3,8
2023-01-01,0201,0,2,0,1
2023-01-02,7545,7,5,4,5
2023-01-03,7683,7,6,8,3
2023-01-04,9133,9,1,3,3
2023-01-05,5756,5,7,5,6
2023-01-06,2457,2,4,5,7
2023-01-07,1734,1,7,3,4
2023-01-08,2250,2,2,5,0
2023-01-09,4711,4,7,1,1
2023-01-10,6171,6,1,7,1
2023-01-11,1341,1,3,4,1
2023-01-12,1917,1,9,1,7
2023-01-13,8201,8,2,0,1
2023-01-14,8489,8,4,8,9
2023-01-15,3055,3,0,5,5
2023-01-16,0472,0,4,7,2
2023-01-17,3744,3,7,4,4
2023-01-18,4943,4,9,4,3
2023-01-19,5239,5,2,3,9
2023-01-20,2850,2,8,5,0
2023-01-21,2042,2,0,4,2
2023-01-22,0260,0,2,6,0
2023-01-23,0076,0,0,7,6
2023-01-24,8951,8,9,5,1
2023-01-25,0316,0,3,1,6
2023-01-26,0579,0,5,7,9
2023-01-27,6600,6,6,0,0
2023-01-28,8236,8,2,3,6
2023-01-29,0661,0,6,6,1
2023-01-30,1760,1,7,6,0
2023-01-31,9135,9,1,3,5
2023-02-01,3691,3,6,9,1
2023-02-02,2187,2,1,8,7
2023-02-03,8937,8,9,3,7
2023-02-04,3954,3,9,5,4
2023-02-05,3027,3,0,2,7
2023-02-06,3159,3,1,5,9
2023-02-07,1119,1,1,1,9
2023-02-08,9479,9,4,7,9
2023-02-09,9927,9,9,2,7
2023-02-10,6816,6,8,1,6
2023-02-11,4086,4,0,8,6
2023-02-12,7507,7,5,0,7
2023-02-13,6943,6,9,4,3
2023-02-14,1467,1,4,6,7
2023-02-15,9822,9,8,2,2
2023-02-16,1242,1,2,4,2
2023-02-17,4714,4,7,1,4
2023-02-18,7195,7,1,9,5
2023-02-19,9997,9,9,9,7
2023-02-20,9830,9,8,3,0
2023-02-21,9196,9,1,9,6
2023-02-22,7015,7,0,1,5
2023-02-23,6101,6,1,0,1
2023-02-24,2416,2,4,1,6
2023-02-25,5622,5,6,2,2
2023-02-26,4068,4,0,6,8
2023-02-27,0765,0,7,6,5
2023-02-28,0901,0,9,0,1
2023-03-01,6107,6,1,0,7
2023-03-02,9843,9,8,4,3
2023-03-03,4715,4,7,1,5
2023-03-04,1397,1,3,9,7
2023-03-05,0356,0,3,5,6
2023-03-06,6281,6,2,8,1
2023-03-07,6314,6,3,1,4
2023-03-08,1932,1,9,3,2
2023-03-09,0261,0,2,6,1
2023-03-10,6417,6,4,1,7
2023-03-11,3794,3,7,9,4
2023-03-12,1265,1,2,6,5
2023-03-13,1690,1,6,9,0
2023-03-14,3106,3,1,0,6
2023-03-15,9782,9,7,8,2
2023-03-16,8395,8,3,9,5
2023-03-17,3089,3,0,8,9
2023-03-18,8046,8,0,4,6
2023-03-19,8878,8,8,7,8
2023-03-20,0467,0,4,6,7
2023-03-21,7556,7,5,5,6
2023-03-22,6244,6,2,4,4
2023-03-23,7305,7,3,0,5
2023-03-24,6041,6,0,4,1
2023-03-25,5456,5,4,5,6
2023-03-26,0951,0,9,5,1
2023-03-27,8005,8,0,0,5
2023-03-28,0608,0,6,0,8
2023-03-29,7974,7,9,7,4
2023-03-30,8303,8,3,0,3
2023-03-31,6295,6,2,9,5
2023-04-01,2402,2,4,0,2
2023-04-02,7487,7,4,8,7
2023-04-03,6653,6,6,5,3
2023-04-04,5078,5,0,7,8
2023-04-05,1892,1,8,9,2
2023-04-06,2916,2,9,1,6
2023-04-07,9442,9,4,4,2
2023-04-08,7191,7,1,9,1
2023-04-09,4719,4,7,1,9
2023-04-10,3209,3,2,0,9
2023-04-11,2255,2,2,5,5
2023-04-12,9406,9,4,0,6
2023-04-13,8306,8,3,0,6
2023-04-14,8552,8,5,5,2
2023-04-15,4614,4,6,1,4
2023-04-16,5169,5,1,6,9
2023-04-17,2975,2,9,7,5
2023-04-18,0115,0,1,1,5
2023-04-19,7178,7,1,7,8
2023-04-20,0754,0,7,5,4
2023-04-21,6097,6,0,9,7
2023-04-22,2424,2,4,2,4
2023-04-23,5899,5,8,9,9
2023-04-24,9500,9,5,0,0
2023-04-25,3917,3,9,1,7
2023-04-26,4313,4,3,1,3
2023-04-27,9394,9,3,9,4
2023-04-28,8571,8,5,7,1
2023-04-29,0424,0,4,2,4
2023-04-30,1089,1,0,8,9
2023-05-01,3938,3,9,3,8
2023-05-02,1559,1,5,5,9
2023-05-03,4942,4,9,4,2
2023-05-04,7680,7,6,8,0
2023-05-05,5794,5,7,9,4
2023-05-06,6946,6,9,4,6
2023-05-07,7656,7,6,5,6
2023-05-08,2895,2,8,9,5
2023-05-09,9954,9,9,5,4
2023-05-10,7440,7,4,4,0
2023-05-11,3674,3,6,7,4
2023-05-12,7749,7,7,4,9
2023-05-13,4325,4,3,2,5
2023-05-14,6204,6,2,0,4
2023-05-15,1766,1,7,6,6
2023-05-16,7230,7,2,3,0
2023-05-17,2733,2,7,3,3
2023-05-18,8662,8,6,6,2
2023-05-19,2149,2,1,4,9
2023-05-20,5893,5,8,9,3
2023-05-21,1435,1,4,3,5
2023-05-22,3692,3,6,9,2
2023-05-23,7248,7,2,4,8
2023-05-24,1103,1,1,0,3
2023-05-25,0717,0,7,1,7
2023-05-26,9068,9,0,6,8
2023-05-27,5971,5,9,7,1
2023-05-28,5207,5,2,0,7
2023-05-29,6385,6,3,8,5
2023-05-30,0681,0,6,8,1
2023-05-31,4126,4,1,2,6
2023-06-01,1349,1,3,4,9
2023-06-02,4546,4,5,4,6
2023-06-03,8253,8,2,5,3
2023-06-04,2186,2,1,8,6
2023-06-05,7325,7,3,2,5
2023-06-06,0837,0,8,3,7
2023-06-07,7507,7,5,0,7
2023-06-08,8598,8,5,9,8
2023-06-09,3710,3,7,1,0
2023-06-10,0579,0,5,7,9
2023-06-11,0846,0,8,4,6
2023-06-12,8554,8,5,5,4
2023-06-13,2738,2,7,3,8
2023-06-14,9264,9,2,6,4
2023-06-15,2567,2,5,6,7
2023-06-16,8469,8,4,6,9
2023-06-17,4305,4,3,0,5
2023-06-18,7446,7,4,4,6
2023-06-19,0857,0,8,5,7
2023-06-20,5188,5,1,8,8
2023-06-21,0465,0,4,6,5
2023-06-22,2185,2,1,8,5
2023-06-23,6857,6,8,5,7
2023-06-24,3589,3,5,8,9
2023-06-25,1870,1,8,7,0
2023-06-26,8748,8,7,4,8
2023-06-27,4320,4,3,2,0
2023-06-28,9817,9,8,1,7
2023-06-29,1335,1,3,3,5
2023-06-30,5423,5,4,2,3
2023-07-01,7562,7,5,6,2
2023-07-02,8524,8,5,2,4
2023-07-03,0921,0,9,2,1
2023-07-04,9140,9,1,4,0
2023-07-05,3191,3,1,9,1
2023-07-06,4901,4,9,0,1
2023-07-07,6399,6,3,9,9
2023-07-08,0451,0,4,5,1
2023-07-09,7752,7,7,5,2
2023-07-10,8582,8,5,8,2
2023-07-11,8457,8,4,5,7
2023-07-12,7725,7,7,2,5
2023-07-13,5174,5,1,7,4
2023-07-14,4024,4,0,2,4
2023-07-15,0495,0,4,9,5
2023-07-16,6929,6,9,2,9
2023-07-17,8908,8,9,0,8
2023-07-18,5455,5,4,5,5
2023-07-19,6916,6,9,1,6
2023-07-20,9847,9,8,4,7
2023-07-21,1683,1,6,8,3
2023-07-22,7132,7,1,3,2
2023-07-23,4309,4,3,0,9
2023-07-24,8593,8,5,9,3
2023-07-25,3004,3,0,0,4
2023-07-26,6008,6,0,0,8
2023-07-27,7845,7,8,4,5
2023-07-28,1206,1,2,0,6
2023-07-29,3025,3,0,2,5
2023-07-30,5284,5,2,8,4
2023-07-31,5427,5,4,2,7
2023-08-01,2876,2,8,7,6
2023-08-02,6621,6,6,2,1
2023-08-03,0710,0,7,1,0
2023-08-04,5378,5,3,7,8
2023-08-05,0617,0,6,1,7
2023-08-06,5072,5,0,7,2
2023-08-07,3532,3,5,3,2
2023-08-08,6825,6,8,2,5
2023-08-09,8852,8,8,5,2
2023-08-10,7424,7,4,2,4
2023-08-11,5483,5,4,8,3
2023-08-12,6835,6,8,3,5
2023-08-13,6545,6,5,4,5
2023-08-14,7530,7,5,3,0
2023-08-15,5177,5,1,7,7
2023-08-16,1513,1,5,1,3
2023-08-17,3468,3,4,6,8
2023-08-18,6371,6,3,7,1
2023-08-19,9396,9,3,9,6
2023-08-20,3698,3,6,9,8
2023-08-21,4914,4,9,1,4
2023-08-22,7266,7,2,6,6
2023-08-23,3638,3,6,3,8
2023-08-24,2592,2,5,9,2
2023-08-25,2173,2,1,7,3
2023-08-26,1413,1,4,1,3
2023-08-27,5328,5,3,2,8
2023-08-28,5083,5,0,8,3
2023-08-29,6150,6,1,5,0
2023-08-30,7384,7,3,8,4
2023-08-31,0948,0,9,4,8
2023-09-01,0179,0,1,7,9
2023-09-02,9554,9,5,5,4
2023-09-03,9671,9,6,7,1
2023-09-04,4036,4,0,3,6
2023-09-05,4068,4,0,6,8
2023-09-06,8330,8,3,3,0
2023-09-07,9726,9,7,2,6
2023-09-08,0329,0,3,2,9
2023-09-09,3971,3,9,7,1
2023-09-10,5088,5,0,8,8
2023-09-11,4060,4,0,6,0
2023-09-12,0186,0,1,8,6
2023-09-13,3374,3,3,7,4
2023-09-14,4638,4,6,3,8
2023-09-15,7326,7,3,2,6
2023-09-16,6257,6,2,5,7
2023-09-17,3988,3,9,8,8
2023-09-18,5484,5,4,8,4
2023-09-19,9736,9,7,3,6
2023-09-20,0546,0,5,4,6
2023-09-21,5797,5,7,9,7
2023-09-22,8388,8,3,8,8
2023-09-23,4331,4,3,3,1
2023-09-24,4605,4,6,0,5
2023-09-25,0822,0,8,2,2
2023-09-26,2699,2,6,9,9
2023-09-27,4629,4,6,2,9
2023-09-28,7885,7,8,8,5
2023-09-29,9781,9,7,8,1
2023-09-30,8545,8,5,4,5
2023-10-01,4857,4,8,5,7
2023-10-02,7989,7,9,8,9
2023-10-03,2084,2,0,8,5
2023-10-04,5769,5,7,6,9
2023-10-05,5189,5,1,8,9
2023-10-06,7452,7,4,5,2
2023-10-07,3045,3,0,4,5
2023-10-08,5637,5,6,3,7
2023-10-09,0042,0,0,4,2
2023-10-10,4173,4,1,7,3
2023-10-11,1351,1,3,5,1
2023-10-12,7151,7,1,5,1
2023-10-13,8313,8,3,1,3
2023-10-14,6197,6,1,9,7
2023-10-15,6688,6,6,8,8
2023-10-16,9747,9,7,4,7
2023-10-17,3189,3,1,8,9
2023-10-18,9283,9,2,8,3
2023-10-19,7571,7,5,7,1
2023-10-20,2731,2,7,3,1
2023-10-21,6974,6,9,7,4
2023-10-22,3371,3,3,7,1
2023-10-23,4906,4,9,0,6
2023-10-24,5684,5,6,8,4
2023-10-25,7542,7,5,4,2
2023-10-26,7387,7,3,8,7
2023-10-27,8565,8,5,6,5
2023-10-28,5082,5,0,8,2
2023-10-29,0725,0,7,2,5
2023-10-30,9177,9,1,7,7
2023-10-31,4348,4,3,4,8
2023-11-01,2895,2,8,9,5
2023-11-02,9987,9,9,8,7
2023-11-03,5600,5,6,0,0
2023-11-04,1463,1,4,6,3
2023-11-05,7002,7,0,0,2
2023-11-06,7363,7,3,6,3
2023-11-07,8335,8,3,3,5
2023-11-08,2671,2,6,7,1
2023-11-09,1095,1,0,9,5
2023-11-10,4599,4,5,9,9
2023-11-11,9273,9,2,7,3
2023-11-12,3893,3,8,9,3
2023-11-13,2489,2,4,8,9
2023-11-14,0366,0,3,6,6
2023-11-15,6912,6,9,1,2
2023-11-16,0158,0,1,5,8
2023-11-17,9821,9,8,2,1
2023-11-18,7939,7,9,3,9
2023-11-19,4916,4,9,1,6
2023-11-20,6507,6,5,0,7
2023-11-21,3202,3,2,0,2
2023-11-22,8931,8,9,3,1
2023-11-23,6505,6,5,0,5
2023-11-24,9102,9,1,0,2
2023-11-25,3603,3,6,0,3
2023-11-26,7188,7,1,8,8
2023-11-27,1611,1,6,1,1
2023-11-28,6665,6,6,6,5
2023-11-29,8859,8,8,5,9
2023-11-30,4599,4,5,9,9
2023-12-01,9413,9,4,1,3
2023-12-02,2975,2,9,7,5
2023-12-03,1701,1,7,0,1
2023-12-04,0770,0,7,7,0
2023-12-05,8198,8,1,9,8
2023-12-06,9640,9,6,4,0
2023-12-07,3713,3,7,1,3
2023-12-08,2119,2,1,1,9
2023-12-09,9166,9,1,6,6
2023-12-10,3053,3,0,5,3
2023-12-11,2241,2,2,4,1
2023-12-12,6461,6,4,6,1
2023-12-13,8633,8,6,3,3
2023-12-14,5184,5,1,8,4
2023-12-15,7338,7,3,3,8
2023-12-16,5480,5,4,8,0
2023-12-17,7342,7,3,4,2
2023-12-18,5065,5,0,6,5
2023-12-19,3354,3,3,5,4
2023-12-20,9431,9,4,3,1
2023-12-21,1667,1,6,6,7
2023-12-22,4977,4,9,7,7
2023-12-23,6022,6,0,2,2
2023-12-24,7812,7,8,1,2
2023-12-25,0134,0,1,3,4
2023-12-26,2045,2,0,4,5
2023-12-27,9350,9,3,5,0
2023-12-28,4309,4,3,0,9
2023-12-29,1619,1,6,1,9
2023-12-30,1386,1,3,8,6
2023-12-31,7821,7,8,2,1
2024-01-01,0129,0,1,2,9
2024-01-02,6794,6,7,9,4
2024-01-03,0235,0,2,3,5
2024-01-04,9404,9,4,0,4
2024-01-05,5511,5,5,1,1
2024-01-06,8920,8,9,2,0
2024-01-07,0001,0,0,0,1
2024-01-08,4904,4,9,0,4
2024-01-09,9259,9,2,5,9
2024-01-10,6776,6,7,7,6
2024-01-11,3274,3,2,7,4
2024-01-12,4956,4,9,5,6
2024-01-13,6782,6,7,8,2
2024-01-14,7062,7,0,6,2
2024-01-15,8653,8,6,5,3
2024-01-16,1046,1,0,4,6
2024-01-17,3514,3,5,1,4
2024-01-18,0959,0,9,5,9
2024-01-19,2832,2,8,3,2
2024-01-20,4290,4,2,9,0
2024-01-21,6055,6,0,5,5
2024-01-22,4168,4,1,6,8
2024-01-23,0763,0,7,6,3
2024-01-24,5410,5,4,1,0
2024-01-25,9534,9,5,3,4
2024-01-26,4458,4,4,5,8
2024-01-27,0566,0,5,6,6
2024-01-28,9093,9,0,9,3
2024-01-29,6835,6,8,3,5
2024-01-30,0792,0,7,9,2
2024-01-31,6196,6,1,9,6
2024-02-01,0634,0,6,3,4
2024-02-02,2361,2,3,6,1
2024-02-03,7661,7,6,6,1
2024-02-04,0837,0,8,3,7
2024-02-05,7253,7,2,5,3
2024-02-06,3110,3,1,1,0
2024-02-07,0491,0,4,9,1
2024-02-08,1518,1,5,1,8
2024-02-09,5735,5,7,3,5
2024-02-10,1458,1,4,5,8
2024-02-11,4096,4,0,9,6
2024-02-12,6524,6,5,2,4
2024-02-13,9472,9,4,7,2
2024-02-14,7461,7,4,6,1
2024-02-15,5911,5,9,1,1
2024-02-16,9923,9,9,2,3
2024-02-17,2729,2,7,2,9
2024-02-18,6304,6,3,0,4
2024-02-19,5809,5,8,0,9
2024-02-20,9330,9,3,3,0
2024-02-21,6069,6,0,6,9
2024-02-22,0758,0,7,5,8
2024-02-23,5511,5,5,1,1
2024-02-24,4129,4,1,2,9
2024-02-25,3731,3,7,3,1
2024-02-26,0597,0,5,9,7
2024-02-27,9293,9,2,9,3
2024-02-28,2589,2,5,8,9
2024-02-29,1525,1,5,2,5
2024-03-01,9982,9,9,8,2
2024-03-02,0412,0,4,1,2
2024-03-03,4393,4,3,9,3
2024-03-04,4764,4,7,6,4
2024-03-05,9975,9,9,7,5
2024-03-06,0649,0,6,4,9
2024-03-07,8705,8,7,0,5
2024-03-08,2519,2,5,1,9
2024-03-09,3663,3,6,6,3
2024-03-10,1606,1,6,0,6
2024-03-11,2551,2,5,5,1
2024-03-12,2802,2,8,0,2
2024-03-13,7036,7,0,3,6
2024-03-14,6646,6,6,4,6
2024-03-15,3420,3,4,2,0
2024-03-16,4722,4,7,2,2
2024-03-17,6784,6,7,8,4
2024-03-18,3672,3,6,7,2
2024-03-19,3957,3,9,5,7
2024-03-20,8141,8,1,4,1
2024-03-21,7622,7,6,2,2
2024-03-22,0371,0,3,7,1
2024-03-23,7716,7,7,1,6
2024-03-24,7354,7,3,5,4
2024-03-25,2002,2,0,0,2
2024-03-26,9237,9,2,3,7
2024-03-27,3152,3,1,5,2
2024-03-28,0140,0,1,4,0
2024-03-29,6599,6,5,9,9
2024-03-30,3550,3,5,5,0
2024-03-31,4822,4,8,2,2
2024-04-01,5005,5,0,0,5
2024-04-02,5856,5,8,5,6
2024-04-03,1872,1,8,7,2
2024-04-04,9628,9,6,2,8
2024-04-05,2436,2,4,3,6
2024-04-06,7941,7,9,4,1
2024-04-07,3414,3,4,1,4
2024-04-08,9362,9,3,6,2
2024-04-09,8950,8,9,5,0
2024-04-10,2140,2,1,4,0
2024-04-11,8091,8,0,9,1
2024-04-12,3159,3,1,5,9
2024-04-13,6562,6,5,6,2
2024-04-14,9001,9,0,0,1
2024-04-15,7565,7,5,6,5
2024-04-16,0799,0,7,9,9
2024-04-17,6409,6,4,0,9
2024-04-18,4743,4,7,4,3
2024-04-19,0560,0,5,6,0
2024-04-20,1076,1,0,7,6
2024-04-21,4015,4,0,1,5
2024-04-22,3486,3,4,8,6
2024-04-23,6902,6,9,0,2
2024-04-24,3927,3,9,2,7
2024-04-25,6031,6,0,3,1
2024-04-26,4519,4,5,1,9
2024-04-27,5232,5,2,3,2
2024-04-28,9881,9,8,8,1
2024-04-29,7642,7,6,4,2
2024-04-30,0178,0,1,7,8
2024-05-01,5827,5,8,2,7
2024-05-02,9469,9,4,6,9
2024-05-03,7607,7,6,0,7
2024-05-04,2956,2,9,5,6
2024-05-05,7508,3,5,0,8
2024-05-06,2470,2,4,7,0
2024-05-07,9886,9,8,8,6
2024-05-08,7842,7,8,4,2
2024-05-09,2770,2,7,7,0
2024-05-10,2302,2,3,0,2
2024-05-11,2744,2,7,4,4
2024-05-12,0950,0,9,5,0
2024-05-13,0246,0,2,4,6
2024-05-14,9268,9,2,6,8
2024-05-15,5647,5,6,4,7
2024-05-16,5436,5,4,3,6
2024-05-17,1073,1,0,7,3
2024-05-18,0468,0,4,6,8
2024-05-19,6865,6,8,6,5
2024-05-20,8018,8,0,1,8
2024-05-21,7143,7,1,4,3
2024-05-22,3175,3,1,7,5
2024-05-23,9957,9,9,5,7
2024-05-24,5501,5,5,0,1
2024-05-25,9359,9,3,5,9
2024-05-26,0529,0,5,2,9
2024-05-27,1948,1,9,4,8
2024-05-28,4203,4,2,0,3
2024-05-29,6074,6,0,7,4
2024-05-30,8657,8,6,5,7
2024-05-31,8294,8,2,9,4
2024-06-01,3217,3,2,1,7
2024-06-02,8079,8,0,7,9
2024-06-03,5524,5,5,2,4
2024-06-04,3506,3,5,0,6
2024-06-05,1369,1,3,6,9
2024-06-06,3031,3,0,3,1
2024-06-07,6500,6,5,0,0
2024-06-08,2541,2,5,4,1
2024-06-09,2989,2,9,8,9
2024-06-10,3188,3,1,8,8
2024-06-11,8223,8,2,2,3
2024-06-12,4667,4,6,6,7
2024-06-13,5412,5,4,1,2
2024-06-14,8762,8,7,6,2
2024-06-15,0451,0,4,5,1
2024-06-16,1062,1,0,6,2
2024-06-17,4894,4,8,9,4
2024-06-18,9539,9,5,3,9
2024-06-19,9036,9,0,3,6
2024-06-20,4122,4,1,2,2
2024-06-21,8154,8,1,5,4
2024-06-22,3139,3,1,3,9
2024-06-23,2317,2,3,1,7
2024-06-24,6345,6,3,4,5
2024-06-25,9698,9,6,9,8
2024-06-26,8484,8,4,8,4
2024-06-27,7843,7,8,4,3
2024-06-28,8497,8,4,9,7
2024-06-29,4768,4,7,6,8
2024-06-30,6794,6,7,9,4
2024-07-01,5014,5,0,1,4
2024-07-02,3323,3,3,2,3
2024-07-03,5094,5,0,9,4
2024-07-04,0581,0,5,8,1
2024-07-05,6571,6,5,7,1
2024-07-06,6102,6,1,0,2
2024-07-07,0915,0,9,1,5
2024-07-08,6120,6,1,2,0
2024-07-09,5417,5,4,1,7
2024-07-10,6691,6,6,9,1
2024-07-11,1432,1,4,3,2
2024-07-12,2504,2,5,0,4
2024-07-13,0351,0,3,5,1
2024-07-14,0492,0,4,9,2
2024-07-15,4269,4,2,6,9
2024-07-16,0791,0,7,9,1
2024-07-17,4554,4,5,5,4
2024-07-18,0314,0,3,1,4
2024-07-19,4816,4,8,1,6
2024-07-20,1285,1,2,8,5
2024-07-21,5913,5,9,1,3
2024-07-22,7942,7,9,4,2
2024-07-23,8113,8,1,1,3
2024-07-24,3761,3,7,6,1
2024-07-25,3141,3,1,4,1
2024-07-26,9636,9,6,3,6
2024-07-27,1079,1,0,7,9
2024-07-28,6318,6,3,1,8
2024-07-29,9065,9,0,6,5
2024-07-30,8388,8,3,8,8
2024-07-31,2136,2,1,3,6
2024-08-01,2608,2,6,0,8
2024-08-02,8461,8,4,6,1
2024-08-03,6519,6,5,1,9
2024-08-04,0079,0,0,7,9
2024-08-05,7143,7,1,4,3
2024-08-06,6177,6,1,7,7
2024-08-07,1950,1,9,5,0
2024-08-08,5913,5,9,1,3
2024-08-09,0335,0,3,3,5
2024-08-10,8788,8,7,8,8
2024-08-11,0896,0,8,9,6
2024-08-12,8902,8,9,0,2
2024-08-13,4834,4,8,3,4
2024-08-14,6074,6,0,7,4
2024-08-15,2681,2,6,8,1
2024-08-16,0518,0,5,1,8
2024-08-17,2610,2,6,1,0
2024-08-18,7449,7,4,4,9
2024-08-19,4591,4,5,9,1
2024-08-20,0670,0,6,7,0
2024-08-21,7522,7,5,2,2
2024-08-22,7490,7,4,9,0
2024-08-23,2676,2,6,7,6
2024-08-24,1143,1,1,4,3
2024-08-25,6123,6,1,2,3
2024-08-26,8952,8,9,5,2
2024-08-27,1664,1,6,6,4
2024-08-28,2928,2,9,2,8
2024-08-29,0562,0,5,6,2
2024-08-30,6087,6,0,8,7
2024-08-31,3901,3,9,0,1
2024-09-01,1891,1,8,9,1
2024-09-02,2153,2,1,5,3
2024-09-03,2208,2,2,0,8
2024-09-04,0192,0,1,9,2
2024-09-05,0885,0,8,8,5
2024-09-06,0728,0,7,2,8
2024-09-07,8474,8,4,7,4
2024-09-08,8843,8,8,4,3
2024-09-09,3146,3,1,4,6
2024-09-10,4824,4,8,2,4
2024-09-11,1779,1,7,7,9
2024-09-12,9951,9,9,5,1
2024-09-13,7219,7,2,1,9
2024-09-14,4153,4,1,5,3
2024-09-15,3169,3,1,6,9
2024-09-16,1796,1,7,9,6
2024-09-17,5365,5,3,6,5
2024-09-18,0252,0,2,5,2
2024-09-19,9364,9,3,6,4
2024-09-20,4560,4,5,6,0
2024-09-21,9376,9,3,7,6
2024-09-22,4556,4,5,5,6
2024-09-23,8541,8,5,4,1
2024-09-24,4063,4,0,6,3
2024-09-25,5678,5,6,7,8
2024-09-26,2471,2,4,7,1
2024-09-27,7821,7,8,2,1
2024-09-28,9054,9,0,5,4
2024-09-29,1221,1,2,2,1
2024-09-30,0608,0,6,0,8
2024-10-01,7918,7,9,1,8
2024-10-02,2188,2,1,8,8
2024-10-03,4207,4,2,0,7
2024-10-04,2078,2,0,7,8
2024-10-05,5413,5,4,1,3
2024-10-06,4053,4,0,5,3
2024-10-07,0485,0,4,8,5
2024-10-08,2982,2,9,8,2
2024-10-09,8790,8,7,9,0
2024-10-10,8205,8,2,0,5
2024-10-11,2175,2,1,7,5
2024-10-12,1404,1,4,0,4
2024-10-13,3459,3,4,5,9
2024-10-14,1514,1,5,1,4
2024-10-15,5372,5,3,7,2
2024-10-16,1941,1,9,4,1
2024-10-17,7605,7,6,0,5
2024-10-18,4894,4,8,9,4
2024-10-19,0832,0,8,3,2
2024-10-20,0428,0,4,2,8
2024-10-21,7796,7,7,9,6
2024-10-22,9233,9,2,3,3
2024-10-23,8413,8,4,1,3
2024-10-24,8671,8,6,7,1
2024-10-25,7752,7,7,5,2
2024-10-26,7867,7,8,6,7
2024-10-27,9169,9,1,6,9
2024-10-28,0541,0,5,4,1
2024-10-29,1987,1,9,8,7
2024-10-30,8952,8,9,5,2
2024-10-31,0664,0,6,6,4
2024-11-01,2251,2,2,5,1
2024-11-02,1508,1,5,0,8
2024-11-03,0175,0,1,7,5
2024-11-04,3934,3,9,3,4
2024-11-05,2409,2,4,0,9
2024-11-06,2225,2,2,2,5
2024-11-07,9801,9,8,0,1
2024-11-08,5532,5,5,3,2
2024-11-09,0314,0,3,1,4
2024-11-10,5246,5,2,4,6
2024-11-11,1924,1,9,2,4
2024-11-12,0276,0,2,7,6
2024-11-13,7745,7,7,4,5
2024-11-14,4204,4,2,0,4
2024-11-15,0051,0,0,5,1
2024-11-16,1333,1,3,3,3
2024-11-17,9582,9,5,8,2
2024-11-18,7886,7,8,8,6
2024-11-19,7218,7,2,1,8
2024-11-20,5650,5,6,5,0
2024-11-21,0122,0,1,2,2
2024-11-22,7387,7,3,8,7
2024-11-23,1838,1,8,3,8
2024-11-24,7396,7,3,9,6
2024-11-25,3275,3,2,7,5
2024-11-26,9689,9,6,8,9
2024-11-27,8307,8,3,0,7
2024-11-28,9752,9,7,5,2
2024-11-29,1036,1,0,3,6
2024-11-30,8159,8,1,5,9
2024-12-01,3270,3,2,7,0
2024-12-02,8317,8,3,1,7
2024-12-03,7664,7,6,6,4
2024-12-04,7977,7,9,7,7
2024-12-05,2903,2,9,0,3
2024-12-06,1367,1,3,6,7
2024-12-07,8463,8,4,6,3
2024-12-08,2422,2,4,2,2
2024-12-09,6135,6,1,3,5
2024-12-10,1582,1,5,8,2
2024-12-11,0731,0,7,3,1
2024-12-12,6216,6,2,1,6
2024-12-13,1830,1,8,3,0
2024-12-14,9263,9,2,6,3
2024-12-15,2682,2,6,8,2
2024-12-16,0890,0,8,9,0
2024-12-17,7671,7,6,7,1
2024-12-18,9781,9,7,8,1
2024-12-19,9914,9,9,1,4
2024-12-20,6238,6,2,3,8
2024-12-21,0175,0,1,7,5
2024-12-22,6076,6,0,7,6
2024-12-23,8542,8,5,4,2
2024-12-24,1399,1,3,9,9
2024-12-25,1269,1,2,6,9
2024-12-26,7761,7,7,6,1
2024-12-27,4905,4,9,0,5
2024-12-28,5967,5,9,6,7
2024-12-29,0648,0,6,4,8
2024-12-30,2982,2,9,8,2
2024-12-31,9364,9,3,6,4
2025-01-01,2496,2,4,9,6
2025-01-02,3612,3,6,1,2
2025-01-03,4298,4,2,9,8
2025-01-04,7450,7,4,5,0
2025-01-05,2626,2,6,2,6
2025-01-06,1851,1,8,5,1
2025-01-07,9225,9,2,2,5
2025-01-08,3429,3,4,2,9
2025-01-09,0910,0,9,1,0
2025-01-10,5809,5,8,0,9
2025-01-11,9021,9,0,2,1
2025-01-12,4972,4,9,7,2
2025-01-13,0051,0,0,5,1
2025-01-14,7294,7,2,9,4
2025-01-15,4375,4,3,7,5
2025-01-16,9747,9,7,4,7
2025-01-17,8462,8,4,6,2
2025-01-18,4098,4,0,9,8
2025-01-19,3959,3,9,5,9
2025-01-20,3212,3,2,1,2
2025-01-21,7631,7,6,3,1
2025-01-22,4420,4,4,2,0
2025-01-23,7016,7,0,1,6
2025-01-24,9546,9,5,4,6
2025-01-25,6930,6,9,3,0
2025-01-26,2058,2,0,5,8
2025-01-27,3067,3,0,6,7
2025-01-28,1931,1,9,3,1
2025-01-29,5374,5,3,7,4
2025-01-30,8056,8,0,5,6
2025-01-31,4205,4,2,0,5
2025-02-01,7798,7,7,9,8
2025-02-02,0273,0,2,7,3
2025-02-03,0580,0,5,8,0
2025-02-04,8940,8,9,4,0
2025-02-05,4568,4,5,6,8
2025-02-06,3964,3,9,6,4
2025-02-07,7276,7,2,7,6
2025-02-08,2750,2,7,5,0
2025-02-09,4653,4,6,5,3
2025-02-10,6420,6,4,2,0
2025-02-11,4734,4,7,3,4
2025-02-12,8595,8,5,9,5
2025-02-13,3834,3,8,3,4
2025-02-14,7698,7,6,9,8
2025-02-15,4562,4,5,6,2
2025-02-16,1880,1,8,8,0
2025-02-17,9503,9,5,0,3
2025-02-18,3676,3,6,7,6
2025-02-19,6066,6,0,6,6
2025-02-20,2071,2,0,7,1
2025-02-21,5489,5,4,8,9
2025-02-22,3685,3,6,8,5
2025-02-23,4926,4,9,2,6
2025-02-24,0489,0,4,8,9
2025-02-25,2608,2,6,0,8
2025-02-26,9064,9,0,6,4
2025-02-27,5405,5,4,0,5
2025-02-28,0621,0,6,2,1
2025-03-01,1303,1,3,0,3
2025-03-02,4316,4,3,1,6
2025-03-03,1582,1,5,8,2
2025-03-04,2488,2,4,8,8
2025-03-05,2134,2,1,3,4
2025-03-06,9960,9,9,6,0
2025-03-07,4913,4,9,1,3
2025-03-08,9736,9,7,3,6
2025-03-09,0612,0,6,1,2
2025-03-10,3568,3,5,6,8
2025-03-11,9646,9,6,4,6
2025-03-12,3221,3,2,2,1
2025-03-13,4277,4,2,7,7
2025-03-14,9701,9,7,0,1
2025-03-15,6859,6,8,5,9
2025-03-16,5061,5,0,6,1
2025-03-17,8441,8,4,4,1
2025-03-18,6085,6,0,8,5
2025-03-19,1698,1,6,9,8
2025-03-20,7760,7,7,6,0
2025-03-21,2680,2,6,8,0
2025-03-22,4879,4,8,7,9
2025-03-23,4242,4,2,4,2
2025-03-24,1884,1,8,8,4
2025-03-25,0687,0,6,8,7
2025-03-26,4778,4,7,7,8
2025-03-27,6546,6,5,4,6
2025-03-28,1603,1,6,0,3
2025-03-29,5800,5,8,0,0
2025-03-30,0573,0,5,7,3
2025-03-31,5918,5,9,1,8
2025-04-01,8821,8,8,2,1
2025-04-02,6056,6,0,5,6
2025-04-03,5495,5,4,9,5
2025-04-04,5085,5,0,8,5
2025-04-05,9226,9,2,2,6
2025-04-06,3437,3,4,3,7
2025-04-07,8270,8,2,7,0
2025-04-08,6610,6,6,1,0
2025-04-09,9509,9,5,0,9
2025-04-10,0663,0,6,6,3
2025-04-11,0361,0,3,6,1
2025-04-12,8441,8,4,4,1
2025-04-13,6128,6,1,2,8
2025-04-14,7019,7,0,1,9
2025-04-15,2602,2,6,0,2
2025-04-16,8043,8,0,4,3
2025-04-17,6314,6,3,1,4
2025-04-18,5880,5,8,8,0
2025-04-19,0765,0,7,6,5
2025-04-20,6502,6,5,0,2
2025-04-21,9439,9,4,3,9
2025-04-22,5970,5,9,7,0
2025-04-23,2269,2,2,6,9
2025-04-24,2936,2,9,3,6
2025-04-25,7244,7,2,4,4
2025-04-26,1456,1,4,5,6
2025-04-27,7598,7,5,9,8
2025-04-28,7160,7,1,6,0
2025-04-29,8198,8,1,9,8
2025-04-30,6240,6,2,4,0
2025-05-01,2115,2,1,1,5
2025-05-02,8514,8,5,1,4
2025-05-03,8572,8,5,7,2
2025-05-04,7751,7,7,5,1
2025-05-05,3283,3,2,8,3
2025-05-06,5299,5,2,9,9
2025-05-07,7714,7,7,1,4
2025-05-08,5987,5,9,8,7
2025-05-09,5642,5,6,4,2
2025-05-10,8720,8,7,2,0
2025-05-11,2263,2,2,6,3
2025-05-12,5740,5,7,4,0
2025-05-13,8864,8,8,6,4
2025-05-14,2731,2,7,3,1
2025-05-15,2878,2,8,7,8
2025-05-16,9365,9,3,6,5
2025-05-17,7571,7,5,7,1
2025-05-18,8310,8,3,1,0
2025-05-19,1860,1,8,6,0
2025-05-20,8209,8,2,0,9
2025-05-21,5656,5,6,5,6
2025-05-22,6337,6,3,3,7
2025-05-23,5029,5,0,2,9
2025-05-24,9323,9,3,2,3
2025-05-25,4455,4,4,5,5
2025-05-26,1468,1,4,6,8
2025-05-27,4784,4,7,8,4
2025-05-28,1970,1,9,7,0
2025-05-29,5669,5,6,6,9
2025-05-30,3195,3,1,9,5
2025-05-31,6939,6,9,3,9
2025-06-01,0797,0,7,9,7
2025-06-02,4261,4,2,6,1
2025-06-03,8453,8,4,5,3
2025-06-04,6277,6,2,7,7
2025-06-05,6429,6,4,2,9
2025-06-06,4731,4,7,3,1
2025-06-07,7503,7,5,0,3
2025-06-08,8421,8,4,2,1
2025-06-09,2400,2,4,0,0
2025-06-10,8002,8,0,0,2
2025-06-11,1049,1,0,4,9
2025-06-12,9413,9,4,1,3
2025-06-13,1918,1,9,1,8
2025-06-14,2569,2,5,6,9
2025-06-15,5807,5,8,0,7
2025-06-16,2965,2,9,6,5
2025-06-17,0448,0,4,4,8
2025-06-18,8422,8,4,2,2
2025-06-19,9080,9,0,8,0
2025-06-20,0164,0,1,6,4
2025-06-21,9745,9,7,4,5
2025-06-22,4990,4,9,9,0
2025-06-23,5287,5,2,8,7
2025-06-24,3393,3,3,9,3
2025-06-25,1425,1,4,2,5
2025-06-26,5801,5,8,0,1
2025-06-27,2199,2,1,9,9
2025-06-28,5817,5,8,1,7
2025-06-29,8084,8,0,8,4
2025-06-30,0753,0,7,5,3
2025-07-01,5774,5,7,7,4
2025-07-02,8107,8,1,0,7
2025-07-03,5819,5,8,1,9
2025-07-04,9356,9,3,5,6
2025-07-05,9609,9,6,0,9
2025-07-06,9441,9,4,4,1
2025-07-07,6967,6,9,6,7
2025-07-08,7571,7,5,7,1
2025-07-09,2592,2,5,9,2
2025-07-10,6012,6,0,1,2
2025-07-11,2054,2,0,5,4
2025-07-12,0145,0,1,4,5
2025-07-13,8606,8,6,0,6
2025-07-14,8854,8,8,5,4
2025-07-15,5975,5,9,7,5
2025-07-16,3828,3,8,2,8
2025-07-17,8641,8,6,4,1
2025-07-18,5573,5,5,7,3
2025-07-19,9756,9,7,5,6
2025-07-20,4530,4,5,3,0
2025-07-21,5308,5,3,0,8
2025-07-22,9209,9,2,0,9
2025-07-23,1821,1,8,2,1
2025-07-24,3059,3,0,5,9
2025-07-25,9920,9,9,2,0
2025-07-26,0844,0,8,4,4
2025-07-27,3858,3,8,5,8
2025-07-28,8512,8,5,1,2
2025-07-29,6637,6,6,3,7
2025-07-30,5373,5,3,7,3
2025-07-31,9302,9,3,0,2
2025-08-01,3851,3,8,5,1
2025-08-02,4105,4,1,0,5
2025-08-03,0558,0,5,5,8
2025-08-04,1717,1,7,1,7
2025-08-05,7795,7,7,9,5
2025-08-06,6626,6,6,2,6
2025-08-07,6819,6,8,1,9
2025-08-08,5785,8,5,3,0
2025-08-09,4216,4,1,0,2
2025-08-10,6859,6,8,5,9
2025-08-11,8530,8,5,3,0
2025-08-12,6150,6,1,5,0
2025-08-13,0396,0,3,9,6
2025-08-14,3843,3,8,4,3
2025-08-15,5191,5,1,9,1
2025-08-16,4328,4,3,2,8
2025-08-17,2193,2,1,9,3
2025-08-18,6339,6,3,3,9
2025-08-19,7881,7,8,8,1
2025-08-20,5686,5,6,8,6
2025-08-21,6412,6,4,1,2
2025-08-22,9336,9,3,3,6
2025-08-23,0419,0,4,1,9
2025-08-24,0754,0,7,5,4
2025-08-25,7916,7,9,1,6 
2025-08-26,5797,5,7,9,7
2025-08-27,9132,9,1,3,2 
2025-08-28,1079,1,0,7,9
2025-08-29,4034,4,0,3,4
2025-08-30,2303,2,3,0,3
2025-08-31,8994,7,9,9,4
2025-09-01,8978,8,9,7,8
2025-09-02,7164,7,1,6,4
2025-09-03,5898,5,8,9,8
2025-09-04,8764,8,7,6,4
2025-09-05,5462,5,4,6,2
2025-09-06,1848,1,8,4,8
2025-09-07,0099,0,0,9,9
2025-09-08,1760,1,7,6,0
2025-09-09,3527,3,5,2,7
2025-09-10,3955,3,9,5,5
2025-09-11,3408,3,4,0,8
2025-09-12,3247,3,2,4,7
2025-09-13,4236,4,2,3,6
2025-09-14,2884,2,8,8,4
2025-09-15,2098,2,0,9,8
2025-09-16,0118,0,1,1,8
2025-09-17,2585,2,5,8,5
2025-09-18,6971,6,9,7,1
2025-09-19,3542,3,5,4,2
2025-09-20,5064,5,0,6,4
2025-09-21,1667,1,6,6,7
2025-09-22,4116,4,1,1,6
2025-09-23,3587,3,5,8,7
2025-09-24,1371,1,3,7,1
2025-09-25,4067,4,0,6,7
2025-09-26,1822,1,8,2,2
2025-09-27,1563,1,5,6,3
2025-09-28,6571,6,5,7,1
2025-09-29,5298,5,2,9,8
2025-09-30,2945,2,9,4,5
2025-10-01,0336,0,3,3,6
2025-10-02,6019,6,0,1,9
2025-10-03,4065,4,0,6,5
2025-10-04,1146,1,1,4,6
2025-10-05,9325,9,3,2,5
2025-10-06,6870,6,8,7,0
2025-10-07,1656,1,6,5,6
2025-10-08,2479,2,4,7,9
2025-10-09,8367,8,3,6,7
2025-10-10,2485,2,4,8,5
2025-10-11,9738,9,7,3,8
2025-10-12,4741,4,7,4,1
2025-10-13,3136,3,1,3,6 
2025-10-14,9446,9,4,4,6
2025-10-15,5412,5,4,1,2 
2025-10-16,0267,0,2,6,7
2025-10-17,0441,0,2,6,7
2025-10-18,5095,0,4,4,1
2025-10-19,7343,5,0,9,5
2025-10-20,2178,7,3,4,3
2025-10-21,3429,2,1,7,8
2025-10-22,0575,3,4,2,9
2025-10-23,0699,0,5,7,5
2025-10-24,4896,0,6,9,9
2025-10-25,3435,4,8,9,6
2025-10-26,9843,3,4,3,5
2025-10-27,7863,9,8,4,3
2025-10-28,0331,7,8,6,3
2025-10-29,3019,0,3,3,1
2025-10-30,2674,3,0,1,9
2025-10-31,2708,2,6,7,4
2025-11-01,0613,2,7,0,8
2025-11-02,6392,0,6,1,3
2025-11-03,1956,6,3,9,2
2025-11-04,3612,1,9,5,6
2025-11-05,3776,3,6,1,2
2025-11-06,4226,3,7,7,6
2025-11-07,7213,4,2,2,6
2025-11-08,3179,7,2,1,3
2025-11-09,1259,3,1,7,9
2025-11-10,7531,1,2,5,9
2025-11-11,8107,7,5,3,1
2025-11-12,5596,8,1,0,7
2025-11-13,9198,5,5,9,6
2025-11-14,5956,9,1,9,8
2025-11-15,6424,5,9,5,6
2025-11-16,1071,6,4,2,4
2025-11-17,9248,1,0,7,1
2025-11-18,5894,9,2,4,8
2025-11-19,7403,5,8,9,4
2025-11-20,8126,7,4,0,3
2025-11-21,6887,8,1,2,6
2025-11-22,8090,6,8,8,7
2025-11-23,2962,8,0,9,0
2025-11-24,3546,2,9,6,2
2025-11-25,5502,3,5,4,6
2025-11-26,6020,5,5,0,2
2025-11-27,1459,6,0,2,0
2025-11-28,7334,1,4,5,9
2025-11-29,6048,7,3,3,4
2025-11-30,9592,6,0,4,8
2025-12-01,9826,9,5,9,2
2025-12-02,0758,9,8,2,6
2025-12-03,2571,0,7,5,8
2025-12-04,0785,2,5,7,1
2025-12-05,9501,0,7,8,5
2025-12-06,3784,9,5,0,1
2025-12-07,1244,3,7,8,4
2025-12-08,1130,1,2,4,4
2025-12-09,0752,1,1,3,0
2025-12-10,4782,0,7,5,2
2025-12-11,9834,4,7,8,2
2025-12-12,2040,9,8,3,4
2025-12-13,9497,2,0,4,0
2025-12-14,4808,9,4,9,7
2025-12-15,9209,4,8,0,8
2025-12-16,4990,9,2,0,9
2025-12-17,1077,4,9,9,0
2025-12-18,9942,1,0,7,7
2025-12-19,1180,9,9,4,2
2025-12-20,2205,1,1,8,0
2025-12-21,1056,2,2,0,5
2025-12-22,5670,1,0,5,6
2025-12-23,9091,5,6,7,0
2025-12-24,4502,9,0,9,1
2025-12-25,3078,4,5,0,2
2025-12-26,2569,3,0,7,8
2025-12-27,5640,2,5,6,9
2025-12-28,1586,5,6,4,0
2025-12-29,5425,1,5,8,6
2025-12-30,0868,5,4,2,5
2025-12-31,2979,0,8,6,8
2026-01-01,3392,2,9,7,9
2026-01-02,2950,3,3,9,2
2026-01-03,3037,2,9,5,0
2026-01-04,8279,3,0,3,7
2026-01-05,9849,8,2,7,9
2026-01-06,5168,9,8,4,9
2026-01-07,0310,5,1,6,8
2026-01-08,7464,0,3,1,0
2026-01-09,2651,7,4,6,4
2026-01-10,8020,2,6,5,1
2026-01-11,4633,8,0,2,0
2026-01-12,1928,4,6,3,3
2026-01-13,8254,1,9,2,8
2026-01-14,9562,8,2,5,4
2026-01-15,0481,9,5,6,2
2026-01-16,1608,0,4,8,1
2026-01-17,6637,1,6,0,8
2026-01-18,8318,6,6,3,7
2026-01-19,9042,8,3,1,8
2026-01-20,8927,9,0,4,2
2026-01-21,7473,8,9,2,7
2026-01-22,1189,7,4,7,3
2026-01-23,1955,1,1,8,9
2026-01-24,6538,1,9,5,5
2026-01-25,7297,6,5,3,8
2026-01-26,2423,7,2,9,7
2026-01-27,5660,2,4,2,3
2026-01-28,3057,5,6,6,0
2026-01-29,9462,3,0,5,7
2026-01-30,4840,9,4,6,2
2026-01-31,4304,4,8,4,0
2026-02-01,3853,4,3,0,4
2026-02-02,1712,3,8,5,3
2026-02-03,6530,1,7,1,2
2026-02-04,1736,6,5,3,0
2026-02-05,6242,1,7,3,6
2026-02-06,9193,6,2,4,2
2026-02-07,4943,9,1,9,3
2026-02-08,9860,4,9,4,3
2026-02-09,7146,9,8,6,0
2026-02-10,3134,7,1,4,6
2026-02-11,7326,3,1,3,4
2026-02-12,0987,7,3,2,6
2026-02-13,3329,0,9,8,7
2026-02-14,4412,3,3,2,9
2026-02-15,0716,4,4,1,2
2026-02-16,5352,0,7,1,6
2026-02-17,5510,5,3,5,2
2026-02-18,8552,5,5,1,0
2026-02-19,0140,8,5,5,2
2026-02-20,7958,0,1,4,0
2026-02-21,3423,7,9,5,8
2026-02-22,2596,3,4,2,3
2026-02-23,2588,2,5,9,6
2026-02-24,0536,2,5,8,8
2026-02-25,3472,0,5,3,6
2026-02-26,9671,3,4,7,2
2026-02-27,0526,9,6,7,1
2026-02-28,8254,0,5,2,6
2026-03-01,5473,8,2,5,4
2026-03-02,0821,5,4,7,3
2026-03-03,9226,0,8,2,1
2026-03-04,0564,9,2,2,6
2026-03-05,5354,0,5,6,4
2026-03-06,7811,5,3,5,4
2026-03-07,9285,7,8,1,1
2026-03-08,2110,9,2,8,5
2026-03-09,9967,2,1,1,0
2026-03-10,4715,9,9,6,7
2026-03-11,6487,4,7,1,5
2026-03-12,0119,6,4,8,7
2026-03-13,2914,0,1,1,9
2026-03-14,9668,2,9,1,4
2026-03-15,6589,9,6,6,8
2026-03-16,7106,6,5,8,9
2026-03-17,9079,7,1,0,6
2026-03-18,9315,9,0,7,9
2026-03-19,6547,9,3,1,5
2026-03-20,4679,6,5,4,7
2026-03-21,5628,4,6,7,9
2026-03-22,8056,5,6,2,8
2026-03-23,9167,8,0,5,6
2026-03-24,7485,9,1,6,7
2026-03-25,3119,7,4,8,5
2026-03-26,6151,3,1,1,9
2026-03-27,7235,6,1,5,1
2026-03-28,0977,7,2,3,5
2026-03-29,3895,0,9,7,7
2026-03-30,9571,3,8,9,5
2026-03-31,7899,9,5,7,1
2026-04-01,4318,7,8,9,9
2026-04-02,9590,4,3,1,8
2026-04-03,8964,9,5,9,0
2026-04-04,9860,8,9,6,4
2026-04-05,3115,9,8,6,0
2026-04-06,1303,3,1,1,5
2026-04-07,8458,1,3,0,3
2026-04-08,4863,8,4,5,8
2026-04-09,0742,4,8,6,3
2026-04-10,7683,0,7,4,2
2026-04-11,6949,7,6,8,3
2026-04-12,3407,6,9,4,9
2026-04-13,9006,3,4,0,7
2026-04-14,1423,9,0,0,6
2026-04-15,8401,1,4,2,3
2026-04-16,3161,8,4,0,1
2026-04-17,6937,3,1,6,1
2026-04-18,0453,6,9,3,7
2026-04-19,0669,0,4,5,3
2026-04-20,9323,0,6,6,9
2026-04-21,0797,9,3,2,3
2026-04-22,1481,0,7,9,7
2026-04-23,5258,1,4,8,1
2026-04-24,4897,5,2,5,8
2026-04-25,4316,4,8,9,7
2026-04-26,9806,4,3,1,6
2026-04-27,2573,9,8,0,6
2026-04-28,4667,2,5,7,3
2026-04-29,2238,4,6,6,7
2026-04-30,7391,2,2,3,8
2026-05-01,2188,7,3,9,1
2026-05-02,5312,2,1,8,8
2026-05-03,6030,5,3,1,2
2026-05-04,5675,6,0,3,0
2026-05-05,0182,5,6,7,5
2026-05-06,5013,0,1,8,2
2026-05-07,7376,5,0,1,3
2026-05-08,9967,7,3,7,6
2026-05-09,7086,9,9,6,7
2026-05-10,1538,7,0,8,6
2026-05-11,2324,1,5,3,8
2026-05-12,7817,2,3,2,4
2026-05-13,9412,7,8,1,7
2026-05-14,4328,9,4,1,2
2026-05-15,6743,4,3,2,8
2026-05-16,1582,6,7,4,3
2026-05-17,4029,1,5,8,2
2026-05-18,1839,4,0,2,9
2026-05-19,9887,1,8,3,9
2026-05-20,4046,9,8,8,7
2026-05-21,9675,4,0,4,6
2026-05-22,1580,9,6,7,5
2026-05-23,4032,1,5,8,0
2026-05-24,3152,4,0,3,2
2026-05-25,0693,3,1,5,2
2026-05-26,2265,2,2,6,5
2026-05-28,7754,7,7,5,4
2026-05-29,4405,4,4,0,5
2026-05-30,9691,9,6,9,1
2026-05-31,1157,1,1,5,7
2026-06-01,8114,8,1,1,4
