tanggal, result
2009-11-09,3587
2009-11-10,8904
2009-11-11,6972
2009-11-12,3769
2009-11-13,8989
2009-11-14,8493
2009-11-15,4056
2009-11-16,6318
2009-11-17,4091
2009-11-18,3218
2009-11-19,0566
2009-11-20,5512
2009-11-21,7762
2009-11-22,5881
2009-11-23,3423
2009-11-24,7808
2009-11-25,9282
2009-11-26,1647
2009-11-27,4228
2009-11-28,6084
2009-11-29,7845
2009-11-30,7250
2009-12-01,4558
2009-12-02,0102
2009-12-03,7839
2009-12-04,5548
2009-12-05,6294
2009-12-06,7045
2009-12-07,6643
2009-12-08,9683
2009-12-09,6683
2009-12-10,7250
2009-12-11,3277
2009-12-12,0312
2009-12-13,7232
2009-12-14,7359
2009-12-15,0438
2009-12-16,3269
2009-12-17,6816
2009-12-18,2883
2009-12-19,9282
2009-12-20,3773
2009-12-21,4996
2009-12-22,4913
2009-12-23,2707
2009-12-24,0728
2009-12-25,6704
2009-12-26,9437
2009-12-27,8855
2009-12-28,6178
2009-12-29,7333
2009-12-30,9576
2009-12-31,7333
2010-01-01,0630
2010-01-02,6195
2010-01-03,3645
2010-01-04,5484
2010-01-05,8755
2010-01-06,1043
2010-01-07,0745
2010-01-08,9593
2010-01-09,2393
2010-01-10,4042
2010-01-11,6575
2010-01-12,7768
2010-01-13,3930
2010-01-14,1517
2010-01-15,2176
2010-01-16,7731
2010-01-17,7004
2010-01-18,4984
2010-01-19,5626
2010-01-20,6165
2010-01-21,7132
2010-01-22,6875
2010-01-23,5388
2010-01-24,4403
2010-01-25,3954
2010-01-26,4525
2010-01-27,3844
2010-01-28,1862
2010-01-29,4175
2010-01-30,9517
2010-01-31,6614
2010-02-01,8169
2010-02-02,1468
2010-02-03,8698
2010-02-04,9169
2010-02-05,0383
2010-02-06,4508
2010-02-07,5086
2010-02-08,3926
2010-02-09,6834
2010-02-10,5315
2010-02-11,8700
2010-02-12,6871
2010-02-13,2807
2010-02-14,9369
2010-02-15,7938
2010-02-16,8133
2010-02-17,3704
2010-02-18,4002
2010-02-19,3240
2010-02-20,2928
2010-02-21,1929
2010-02-22,7414
2010-02-23,6604
2010-02-24,2337
2010-02-25,0245
2010-02-26,8354
2010-02-27,9432
2010-02-28,3412
2010-03-01,8034
2010-03-02,3342
2010-03-03,9378
2010-03-04,3741
2010-03-05,4237
2010-03-06,1734
2010-03-07,8603
2010-03-08,2381
2010-03-09,0984
2010-03-10,5855
2010-03-11,4082
2010-03-12,8062
2010-03-13,7760
2010-03-14,7055
2010-03-15,8757
2010-03-16,6266
2010-03-17,0164
2010-03-18,7210
2010-03-19,2956
2010-03-20,9770
2010-03-21,5531
2010-03-22,5144
2010-03-23,3289
2010-03-24,5154
2010-03-25,7072
2010-03-26,1529
2010-03-27,9041
2010-03-28,4188
2010-03-29,8838
2010-03-30,9949
2010-03-31,2668
2010-04-01,4516
2010-04-02,9696
2010-04-03,0196
2010-04-04,8133
2010-04-05,1310
2010-04-06,6018
2010-04-07,5336
2010-04-08,9239
2010-04-09,9130
2010-04-10,4285
2010-04-11,6885
2010-04-12,1071
2010-04-13,9226
2010-04-14,7713
2010-04-15,9297
2010-04-16,0824
2010-04-17,3584
2010-04-18,7571
2010-04-19,2418
2010-04-20,8115
2010-04-21,6190
2010-04-22,9626
2010-04-23,4061
2010-04-24,9543
2010-04-25,9202
2010-04-26,4499
2010-04-27,9880
2010-04-28,9172
2010-04-29,1487
2010-04-30,2911
2010-05-01,2223
2010-05-02,0690
2010-05-03,6408
2010-05-04,5078
2010-05-05,9141
2010-05-06,4095
2010-05-07,7894
2010-05-08,4392
2010-05-09,4470
2010-05-10,1186
2010-05-11,2958
2010-05-12,0289
2010-05-13,9685
2010-05-14,4226
2010-05-15,0589
2010-05-16,5474
2010-05-17,9872
2010-05-18,3316
2010-05-19,4370
2010-05-20,2238
2010-05-21,0742
2010-05-22,8815
2010-05-23,6307
2010-05-24,6064
2010-05-25,4770
2010-05-26,6080
2010-05-27,6958
2010-05-28,6552
2010-05-29,9247
2010-05-30,2452
2010-05-31,1558
2010-06-01,1339
2010-06-02,1917
2010-06-03,3540
2010-06-04,8656
2010-06-05,7148
2010-06-06,1896
2010-06-07,9558
2010-06-08,7648
2010-06-09,3541
2010-06-10,2636
2010-06-11,6624
2010-06-12,9235
2010-06-13,9943
2010-06-14,5103
2010-06-15,7545
2010-06-16,5275
2010-06-17,3377
2010-06-18,4984
2010-06-19,8659
2010-06-20,9246
2010-06-21,4089
2010-06-22,7053
2010-06-23,2919
2010-06-24,1175
2010-06-25,0066
2010-06-26,8534
2010-06-27,7435
2010-06-28,5270
2010-06-29,3742
2010-06-30,3433
2010-07-01,4733
2010-07-02,2727
2010-07-03,0940
2010-07-04,7456
2010-07-05,4740
2010-07-06,8410
2010-07-07,0760
2010-07-08,2819
2010-07-09,4720
2010-07-10,3433
2010-07-11,4206
2010-07-12,0869
2010-07-13,7456
2010-07-14,1254
2010-07-15,7548
2010-07-16,9818
2010-07-17,8224
2010-07-18,6715
2010-07-19,2572
2010-07-20,8001
2010-07-21,9514
2010-07-22,9836
2010-07-23,0169
2010-07-24,9376
2010-07-25,5449
2010-07-26,3731
2010-07-27,3326
2010-07-28,3715
2010-07-29,3571
2010-07-30,1431
2010-07-31,8976
2010-08-01,8196
2010-08-02,9871
2010-08-03,9605
2010-08-04,7248
2010-08-05,2415
2010-08-06,3298
2010-08-07,6647
2010-08-08,9176
2010-08-09,6459
2010-08-10,4613
2010-08-11,3773
2010-08-12,8460
2010-08-13,9495
2010-08-14,0201
2010-08-15,7085
2010-08-16,8927
2010-08-17,4588
2010-08-18,9582
2010-08-19,2126
2010-08-20,5147
2010-08-21,8033
2010-08-22,4051
2010-08-23,8598
2010-08-24,0349
2010-08-25,1419
2010-08-26,2720
2010-08-27,3907
2010-08-28,4643
2010-08-29,9632
2010-08-30,5878
2010-08-31,8952
2010-09-01,7343
2010-09-02,6268
2010-09-03,8623
2010-09-04,9853
2010-09-05,6644
2010-09-06,8881
2010-09-07,4177
2010-09-08,9585
2010-09-09,3145
2010-09-10,7496
2010-09-11,6015
2010-09-12,4585
2010-09-13,1000
2010-09-14,2633
2010-09-15,5901
2010-09-16,2861
2010-09-17,6860
2010-09-18,0890
2010-09-19,9232
2010-09-20,5783
2010-09-21,0580
2010-09-22,8777
2010-09-23,9784
2010-09-24,4304
2010-09-25,7346
2010-09-26,3741
2010-09-27,3324
2010-09-28,3255
2010-09-29,7704
2010-09-30,1310
2010-10-01,5946
2010-10-02,3622
2010-10-03,7899
2010-10-04,8405
2010-10-05,8803
2010-10-06,1583
2010-10-07,4646
2010-10-08,1276
2010-10-09,5893
2010-10-10,8379
2010-10-11,3597
2010-10-12,2109
2010-10-13,0280
2010-10-14,1020
2010-10-15,5671
2010-10-16,9015
2010-10-17,6949
2010-10-18,3829
2010-10-19,0208
2010-10-20,9012
2010-10-21,8428
2010-10-22,4819
2010-10-23,1340
2010-10-24,2666
2010-10-25,6705
2010-10-26,3552
2010-10-27,9707
2010-10-28,5313
2010-10-29,6854
2010-10-30,3281
2010-10-31,7219
2010-11-01,9037
2010-11-02,3083
2010-11-03,0314
2010-11-04,6361
2010-11-05,0578
2010-11-06,2556
2010-11-07,6872
2010-11-08,1381
2010-11-09,6519
2010-11-10,4655
2010-11-11,4047
2010-11-12,3196
2010-11-13,7915
2010-11-14,2029
2010-11-15,7823
2010-11-16,9893
2010-11-17,9808
2010-11-18,1035
2010-11-19,5750
2010-11-20,5718
2010-11-21,7436
2010-11-22,5832
2010-11-23,1326
2010-11-24,8209
2010-11-25,3127
2010-11-26,0340
2010-11-27,1367
2010-11-28,1374
2010-11-29,3958
2010-11-30,5193
2010-12-01,2137
2010-12-02,0961
2010-12-03,1286
2010-12-04,1851
2010-12-05,5723
2010-12-06,3618
2010-12-07,9205
2010-12-08,0671
2010-12-09,6448
2010-12-10,2508
2010-12-11,8058
2010-12-12,3140
2010-12-13,5964
2010-12-14,0731
2010-12-15,3481
2010-12-16,7929
2010-12-17,4703
2010-12-18,5726
2010-12-19,3024
2010-12-20,7693
2010-12-21,7649
2010-12-22,0252
2010-12-23,5688
2010-12-24,8469
2010-12-25,1305
2010-12-26,0757
2010-12-27,1208
2010-12-28,6293
2010-12-29,9547
2010-12-30,2435
2010-12-31,6273
2011-01-01,1709
2011-01-02,0198
2011-01-03,5276
2011-01-04,1921
2011-01-05,3077
2011-01-06,2703
2011-01-07,9284
2011-01-08,5476
2011-01-09,7189
2011-01-10,7123
2011-01-11,9416
2011-01-12,1256
2011-01-13,8116
2011-01-14,7014
2011-01-15,4553
2011-01-16,5829
2011-01-17,0246
2011-01-18,3178
2011-01-19,6942
2011-01-20,7163
2011-01-21,8014
2011-01-22,1153
2011-01-23,0619
2011-01-24,7934
2011-01-25,2095
2011-01-26,5822
2011-01-27,4178
2011-01-28,7537
2011-01-29,9675
2011-01-30,1743
2011-01-31,1326
2011-02-01,1556
2011-02-02,4639
2011-02-03,2537
2011-02-04,0925
2011-02-05,2851
2011-02-06,2075
2011-02-07,0911
2011-02-08,8450
2011-02-09,6479
2011-02-10,4962
2011-02-11,2918
2011-02-12,1349
2011-02-13,1091
2011-02-14,3405
2011-02-15,7341
2011-02-16,2384
2011-02-17,8937
2011-02-18,3029
2011-02-19,0816
2011-02-20,9885
2011-02-21,4117
2011-02-22,9066
2011-02-23,0873
2011-02-24,8454
2011-02-25,5269
2011-02-26,0829
2011-02-27,4631
2011-02-28,3207
2011-03-01,2531
2011-03-02,7452
2011-03-03,1576
2011-03-04,2759
2011-03-05,4611
2011-03-06,5987
2011-03-07,0935
2011-03-08,0122
2011-03-09,9770
2011-03-10,7525
2011-03-11,1278
2011-03-12,0268
2011-03-13,0143
2011-03-14,2692
2011-03-15,8904
2011-03-16,4238
2011-03-17,0561
2011-03-18,2763
2011-03-19,7585
2011-03-20,9108
2011-03-21,5472
2011-03-22,2456
2011-03-23,8079
2011-03-24,6206
2011-03-25,8390
2011-03-26,9757
2011-03-27,8101
2011-03-28,8872
2011-03-29,9059
2011-03-30,6253
2011-03-31,7618
2011-04-01,8637
2011-04-02,5912
2011-04-03,3016
2011-04-04,1598
2011-04-05,0815
2011-04-06,6551
2011-04-07,6537
2011-04-08,7013
2011-04-09,8956
2011-04-10,9417
2011-04-11,7022
2011-04-12,6137
2011-04-13,9627
2011-04-14,8145
2011-04-15,7860
2011-04-16,6143
2011-04-17,9462
2011-04-18,6138
2011-04-19,8413
2011-04-20,7826
2011-04-21,5910
2011-04-22,6382
2011-04-23,0365
2011-04-24,2389
2011-04-25,5091
2011-04-26,3571
2011-04-27,4713
2011-04-28,1767
2011-04-29,5186
2011-04-30,3720
2011-05-01,9591
2011-05-02,7108
2011-05-03,8161
2011-05-04,0709
2011-05-05,5293
2011-05-06,8056
2011-05-07,9489
2011-05-08,6330
2011-05-09,7793
2011-05-10,2136
2011-05-11,9729
2011-05-12,2881
2011-05-13,3065
2011-05-14,7186
2011-05-15,5174
2011-05-16,0495
2011-05-17,2954
2011-05-18,1302
2011-05-19,0418
2011-05-20,5412
2011-05-21,3504
2011-05-22,0168
2011-05-23,1858
2011-05-24,2107
2011-05-25,4367
2011-05-26,0345
2011-05-27,2511
2011-05-28,0543
2011-05-29,4871
2011-05-30,7219
2011-05-31,7848
2011-06-01,6214
2011-06-02,8410
2011-06-03,5067
2011-06-04,6597
2011-06-05,8506
2011-06-06,9372
2011-06-07,0171
2011-06-08,1251
2011-06-09,3797
2011-06-10,2392
2011-06-11,1380
2011-06-12,9144
2011-06-13,6819
2011-06-14,2360
2011-06-15,7982
2011-06-16,8254
2011-06-17,6533
2011-06-18,2649
2011-06-19,0631
2011-06-20,3827
2011-06-21,2609
2011-06-22,7614
2011-06-23,5738
2011-06-24,6042
2011-06-25,9683
2011-06-26,7801
2011-06-27,3745
2011-06-28,2439
2011-06-29,4813
2011-06-30,1632
2011-07-01,3426
2011-07-02,0853
2011-07-03,4587
2011-07-04,8265
2011-07-05,6725
2011-07-06,9502
2011-07-07,5398
2011-07-08,7263
2011-07-09,8119
2011-07-10,5438
2011-07-11,3461
2011-07-12,0496
2011-07-13,3370
2011-07-14,4956
2011-07-15,5896
2011-07-16,7509
2011-07-17,9638
2011-07-18,8160
2011-07-19,5796
2011-07-20,6894
2011-07-21,8417
2011-07-22,3806
2011-07-23,1647
2011-07-24,0543
2011-07-25,4609
2011-07-26,2481
2011-07-27,3164
2011-07-28,8315
2011-07-29,6710
2011-07-30,5449
2011-07-31,7122
2011-08-01,9216
2011-08-02,3156
2011-08-03,1604
2011-08-04,0514
2011-08-05,2392
2011-08-06,5706
2011-08-07,7480
2011-08-08,9853
2011-08-09,3673
2011-08-10,1789
2011-08-11,5609
2011-08-12,7945
2011-08-13,8986
2011-08-14,5628
2011-08-15,2913
2011-08-16,5288
2011-08-17,3262
2011-08-18,1697
2011-08-19,4637
2011-08-20,2601
2011-08-21,9521
2011-08-22,7915
2011-08-23,8253
2011-08-24,5387
2011-08-25,2719
2011-08-26,4737
2011-08-27,0523
2011-08-28,3225
2011-08-29,7952
2011-08-30,5341
2011-08-31,8109
2011-09-01,6934
2011-09-02,0782
2011-09-03,3717
2011-09-04,4024
2011-09-05,2740
2011-09-06,1915
2011-09-07,7581
2011-09-08,0839
2011-09-09,5683
2011-09-10,8564
2011-09-11,6859
2011-09-12,2760
2011-09-13,4632
2011-09-14,6528
2011-09-15,8459
2011-09-16,9316
2011-09-17,9267
2011-09-18,4543
2011-09-19,6372
2011-09-20,3138
2011-09-21,1709
2011-09-22,8929
2011-09-23,2683
2011-09-24,6125
2011-09-25,5098
2011-09-26,8301
2011-09-27,9092
2011-09-28,7215
2011-09-29,6657
2011-09-30,2496
2011-10-01,4150
2011-10-02,5773
2011-10-03,7545
2011-10-04,8451
2011-10-05,2994
2011-10-06,1025
2011-10-07,4776
2011-10-08,8461
2011-10-09,6075
2011-10-10,7603
2011-10-11,5039
2011-10-12,3815
2011-10-13,1778
2011-10-14,5691
2011-10-15,3807
2011-10-16,5273
2011-10-17,9705
2011-10-18,7822
2011-10-19,8970
2011-10-20,3092
2011-10-21,1269
2011-10-22,7894
2011-10-23,8275
2011-10-24,5724
2011-10-25,6209
2011-10-26,0829
2011-10-27,9465
2011-10-28,7690
2011-10-29,6893
2011-10-30,8642
2011-10-31,5682
2011-11-01,8067
2011-11-02,3261
2011-11-03,7306
2011-11-04,1693
2011-11-05,0569
2011-11-06,2570
2011-11-07,7968
2011-11-08,2450
2011-11-09,4357
2011-11-10,3506
2011-11-11,0652
2011-11-12,3123
2011-11-13,1479
2011-11-14,1052
2011-11-15,9462
2011-11-16,2563
2011-11-17,7754
2011-11-18,8705
2011-11-19,9615
2011-11-20,5342
2011-11-21,1239
2011-11-22,0574
2011-11-23,9426
2011-11-24,5247
2011-11-25,8895
2011-11-26,5725
2011-11-27,6583
2011-11-28,9159
2011-11-29,8237
2011-11-30,0884
2011-12-01,7282
2011-12-02,5036
2011-12-03,6552
2011-12-04,3369
2011-12-05,2551
2011-12-06,6480
2011-12-07,8474
2011-12-08,7491
2011-12-09,4332
2011-12-10,0497
2011-12-11,1289
2011-12-12,9821
2011-12-13,2816
2011-12-14,0324
2011-12-15,7062
2011-12-16,8233
2011-12-17,2056
2011-12-18,4788
2011-12-19,3059
2011-12-20,5320
2011-12-21,0223
2011-12-22,7062
2011-12-23,5773
2011-12-24,0550
2011-12-25,9767
2011-12-26,5049
2011-12-27,4553
2011-12-28,6839
2011-12-29,7568
2011-12-30,8493
2011-12-31,7845
2012-01-01,9376
2012-01-02,7804
2012-01-03,6748
2012-01-04,2239
2012-01-05,9796
2012-01-06,7323
2012-01-07,9331
2012-01-08,3119
2012-01-09,7678
2012-01-10,1226
2012-01-11,2689
2012-01-12,1575
2012-01-13,3184
2012-01-14,8113
2012-01-15,6859
2012-01-16,4180
2012-01-17,3345
2012-01-18,1607
2012-01-19,6650
2012-01-20,8995
2012-01-21,9417
2012-01-22,8700
2012-01-23,1657
2012-01-24,5579
2012-01-25,9407
2012-01-26,7670
2012-01-27,5131
2012-01-28,1089
2012-01-29,3701
2012-01-30,0117
2012-01-31,7186
2012-02-01,7791
2012-02-02,6382
2012-02-03,2770
2012-02-04,0117
2012-02-05,2379
2012-02-06,3997
2012-02-07,1041
2012-02-08,8953
2012-02-09,5307
2012-02-10,6084
2012-02-11,3698
2012-02-12,4250
2012-02-13,3495
2012-02-14,0979
2012-02-15,6212
2012-02-16,1048
2012-02-17,2894
2012-02-18,3801
2012-02-19,8052
2012-02-20,8624
2012-02-21,8009
2012-02-22,2665
2012-02-23,5623
2012-02-24,1884
2012-02-25,6988
2012-02-26,8506
2012-02-27,7582
2012-02-28,5601
2012-02-29,1962
2012-03-01,1341
2012-03-02,2497
2012-03-03,7026
2012-03-04,4974
2012-03-05,0889
2012-03-06,4323
2012-03-07,3946
2012-03-08,8861
2012-03-09,6979
2012-03-10,1923
2012-03-11,7881
2012-03-12,2613
2012-03-13,3097
2012-03-14,0689
2012-03-15,4057
2012-03-16,1885
2012-03-17,3051
2012-03-18,8509
2012-03-19,5145
2012-03-20,3707
2012-03-21,8891
2012-03-22,8519
2012-03-23,1767
2012-03-24,9076
2012-03-25,3007
2012-03-26,5336
2012-03-27,2419
2012-03-28,1494
2012-03-29,3188
2012-03-30,9352
2012-03-31,3687
2012-04-01,7594
2012-04-02,0514
2012-04-03,1890
2012-04-04,5978
2012-04-05,5854
2012-04-06,9860
2012-04-07,6487
2012-04-08,8517
2012-04-09,6254
2012-04-10,9865
2012-04-11,7452
2012-04-12,5424
2012-04-13,0851
2012-04-14,1842
2012-04-15,2806
2012-04-16,4828
2012-04-17,6946
2012-04-18,7209
2012-04-19,9169
2012-04-20,8419
2012-04-21,5168
2012-04-22,0845
2012-04-23,1321
2012-04-24,2569
2012-04-25,9913
2012-04-26,5633
2012-04-27,4202
2012-04-28,3762
2012-04-29,2656
2012-04-30,0652
2012-05-01,9038
2012-05-02,8073
2012-05-03,7196
2012-05-04,3626
2012-05-05,8204
2012-05-06,1088
2012-05-07,4439
2012-05-08,5835
2012-05-09,7068
2012-05-10,6975
2012-05-11,9334
2012-05-12,8492
2012-05-13,8602
2012-05-14,2957
2012-05-15,0158
2012-05-16,1186
2012-05-17,9359
2012-05-18,4567
2012-05-19,5578
2012-05-20,2069
2012-05-21,3651
2012-05-22,0341
2012-05-23,7462
2012-05-24,9452
2012-05-25,5045
2012-05-26,6215
2012-05-27,2317
2012-05-28,1368
2012-05-29,3352
2012-05-30,7206
2012-05-31,6782
2012-06-01,5874
2012-06-02,9186
2012-06-03,8761
2012-06-04,1272
2012-06-05,4319
2012-06-06,3460
2012-06-07,2107
2012-06-08,9065
2012-06-09,8615
2012-06-10,6031
2012-06-11,7341
2012-06-12,1103
2012-06-13,5701
2012-06-14,1322
2012-06-15,0310
2012-06-16,7983
2012-06-17,9302
2012-06-18,7932
2012-06-19,9473
2012-06-20,5638
2012-06-21,6282
2012-06-22,8654
2012-06-23,1624
2012-06-24,4229
2012-06-25,7969
2012-06-26,2598
2012-06-27,6479
2012-06-28,9983
2012-06-29,8512
2012-06-30,5518
2012-07-01,7121
2012-07-02,2723
2012-07-03,1620
2012-07-04,0735
2012-07-05,3026
2012-07-06,4803
2012-07-07,5628
2012-07-08,6102
2012-07-09,5340
2012-07-10,8817
2012-07-11,7660
2012-07-12,3382
2012-07-13,9571
2012-07-14,2169
2012-07-15,1272
2012-07-16,0784
2012-07-17,3857
2012-07-18,5478
2012-07-19,7950
2012-07-20,9224
2012-07-21,8805
2012-07-22,2868
2012-07-23,9814
2012-07-24,0698
2012-07-25,5206
2012-07-26,9562
2012-07-27,7456
2012-07-28,6871
2012-07-29,8702
2012-07-30,2711
2012-07-31,0387
2012-08-01,1875
2012-08-02,7526
2012-08-03,9578
2012-08-04,5880
2012-08-05,2490
2012-08-06,8565
2012-08-07,2495
2012-08-08,3877
2012-08-09,4267
2012-08-10,6209
2012-08-11,9357
2012-08-12,4022
2012-08-13,0968
2012-08-14,7313
2012-08-15,8419
2012-08-16,6703
2012-08-17,3279
2012-08-18,9730
2012-08-19,6317
2012-08-20,8961
2012-08-21,4685
2012-08-22,2094
2012-08-23,0953
2012-08-24,1776
2012-08-25,3460
2012-08-26,6857
2012-08-27,9334
2012-08-28,5389
2012-08-29,8413
2012-08-30,7599
2012-08-31,1355
2012-09-01,0364
2012-09-02,4109
2012-09-03,2487
2012-09-04,5693
2012-09-05,6315
2012-09-06,8744
2012-09-07,3141
2012-09-08,5971
2012-09-09,9473
2012-09-10,6309
2012-09-11,7525
2012-09-12,0697
2012-09-13,4759
2012-09-14,2613
2012-09-15,3511
2012-09-16,8127
2012-09-17,6615
2012-09-18,7388
2012-09-19,1857
2012-09-20,3945
2012-09-21,4993
2012-09-22,5780
2012-09-23,7754
2012-09-24,4295
2012-09-25,3662
2012-09-26,2384
2012-09-27,0572
2012-09-28,1828
2012-09-29,7786
2012-09-30,0412
2012-10-01,8700
2012-10-02,6494
2012-10-03,7987
2012-10-04,2776
2012-10-05,5508
2012-10-06,9564
2012-10-07,1801
2012-10-08,8491
2012-10-09,0180
2012-10-10,5268
2012-10-11,2071
2012-10-12,8996
2012-10-13,1262
2012-10-14,9221
2012-10-15,6047
2012-10-16,6460
2012-10-17,7207
2012-10-18,7717
2012-10-19,9300
2012-10-20,9945
2012-10-21,5525
2012-10-22,3049
2012-10-23,1116
2012-10-24,5008
2012-10-25,5934
2012-10-26,4630
2012-10-27,9928
2012-10-28,0984
2012-10-29,8121
2012-10-30,2232
2012-10-31,6545
2012-11-01,2083
2012-11-02,6466
2012-11-03,0085
2012-11-04,0209
2012-11-05,6225
2012-11-06,5662
2012-11-07,0054
2012-11-08,6081
2012-11-09,8001
2012-11-10,1933
2012-11-11,2382
2012-11-12,8191
2012-11-13,6658
2012-11-14,8039
2012-11-15,9721
2012-11-16,7883
2012-11-17,8833
2012-11-18,3079
2012-11-19,7695
2012-11-20,0357
2012-11-21,5606
2012-11-22,6894
2012-11-23,9689
2012-11-24,3048
2012-11-25,8856
2012-11-26,2597
2012-11-27,5934
2012-11-28,9618
2012-11-29,6870
2012-11-30,0645
2012-12-01,4903
2012-12-02,6352
2012-12-03,3847
2012-12-04,2968
2012-12-05,8304
2012-12-06,9872
2012-12-07,3677
2012-12-08,0265
2012-12-09,6841
2012-12-10,7783
2012-12-11,8229
2012-12-12,4397
2012-12-13,3213
2012-12-14,3575
2012-12-15,8207
2012-12-16,7943
2012-12-17,5479
2012-12-18,9095
2012-12-19,2787
2012-12-20,8599
2012-12-21,1259
2012-12-22,8485
2012-12-23,5979
2012-12-24,2291
2012-12-25,8466
2012-12-26,7064
2012-12-27,0658
2012-12-28,2152
2012-12-29,4629
2012-12-30,5074
2012-12-31,6231
2013-01-01,3110
2013-01-02,1162
2013-01-03,8637
2013-01-04,3700
2013-01-05,6173
2013-01-06,7868
2013-01-07,2601
2013-01-08,8195
2013-01-09,5046
2013-01-10,4769
2013-01-11,0634
2013-01-12,6542
2013-01-13,1690
2013-01-14,2877
2013-01-15,5231
2013-01-16,7998
2013-01-17,9814
2013-01-18,8065
2013-01-19,6202
2013-01-20,5574
2013-01-21,8856
2013-01-22,0865
2013-01-23,5611
2013-01-24,9583
2013-01-25,3708
2013-01-26,0214
2013-01-27,8567
2013-01-28,2939
2013-01-29,7905
2013-01-30,6346
2013-01-31,0995
2013-02-01,0173
2013-02-02,8364
2013-02-03,9454
2013-02-04,7936
2013-02-05,3897
2013-02-06,5177
2013-02-07,8595
2013-02-08,5337
2013-02-09,0541
2013-02-10,9083
2013-02-11,1754
2013-02-12,6508
2013-02-13,7047
2013-02-14,9463
2013-02-15,1581
2013-02-16,6549
2013-02-17,8330
2013-02-18,9182
2013-02-19,6187
2013-02-20,4322
2013-02-21,0998
2013-02-22,7989
2013-02-23,9142
2013-02-24,7406
2013-02-25,2083
2013-02-26,9916
2013-02-27,2340
2013-02-28,1096
2013-03-01,4333
2013-03-02,9407
2013-03-03,1884
2013-03-04,3076
2013-03-05,1748
2013-03-06,2603
2013-03-07,7745
2013-03-08,8002
2013-03-09,6757
2013-03-10,0739
2013-03-11,6884
2013-03-12,0535
2013-03-13,2698
2013-03-14,3947
2013-03-15,2723
2013-03-16,9683
2013-03-17,2487
2013-03-18,7813
2013-03-19,6139
2013-03-20,6627
2013-03-21,9937
2013-03-22,7919
2013-03-23,4763
2013-03-24,1323
2013-03-25,0629
2013-03-26,4491
2013-03-27,2095
2013-03-28,1464
2013-03-29,9077
2013-03-30,2997
2013-03-31,0579
2013-04-01,0472
2013-04-02,2251
2013-04-03,6088
2013-04-04,4285
2013-04-05,9263
2013-04-06,0453
2013-04-07,8096
2013-04-08,1643
2013-04-09,0358
2013-04-10,6212
2013-04-11,8404
2013-04-12,8229
2013-04-13,6354
2013-04-14,2509
2013-04-15,4200
2013-04-16,9915
2013-04-17,0828
2013-04-18,5633
2013-04-19,4811
2013-04-20,0225
2013-04-21,8469
2013-04-22,2453
2013-04-23,4496
2013-04-24,2923
2013-04-25,6558
2013-04-26,6013
2013-04-27,8895
2013-04-28,0577
2013-04-29,5264
2013-04-30,4283
2013-05-01,1282
2013-05-02,6409
2013-05-03,7840
2013-05-04,2855
2013-05-05,8008
2013-05-06,4156
2013-05-07,0461
2013-05-08,5878
2013-05-09,1125
2013-05-10,6949
2013-05-11,6902
2013-05-12,3788
2013-05-13,2414
2013-05-14,8260
2013-05-15,7671
2013-05-16,4030
2013-05-17,1499
2013-05-18,3828
2013-05-19,9906
2013-05-20,8068
2013-05-21,2866
2013-05-22,3600
2013-05-23,7624
2013-05-24,9228
2013-05-25,3916
2013-05-26,7648
2013-05-27,1339
2013-05-28,4962
2013-05-29,8355
2013-05-30,2814
2013-05-31,3299
2013-06-01,4651
2013-06-02,9052
2013-06-03,7668
2013-06-04,5512
2013-06-05,0578
2013-06-06,1675
2013-06-07,1224
2013-06-08,0887
2013-06-09,6456
2013-06-10,7044
2013-06-11,5416
2013-06-12,8619
2013-06-13,7506
2013-06-14,1442
2013-06-15,7067
2013-06-16,5897
2013-06-17,2961
2013-06-18,4700
2013-06-19,6585
2013-06-20,6212
2013-06-21,8508
2013-06-22,2891
2013-06-23,8875
2013-06-24,1569
2013-06-25,7424
2013-06-26,9967
2013-06-27,4604
2013-06-28,1564
2013-06-29,1179
2013-06-30,9472
2013-07-01,6280
2013-07-02,6445
2013-07-03,8554
2013-07-04,7758
2013-07-05,9878
2013-07-06,4005
2013-07-07,8392
2013-07-08,5199
2013-07-09,9571
2013-07-10,0521
2013-07-11,7132
2013-07-12,9108
2013-07-13,3799
2013-07-14,0023
2013-07-15,9648
2013-07-16,3472
2013-07-17,8209
2013-07-18,7490
2013-07-19,6266
2013-07-20,9062
2013-07-21,9178
2013-07-22,3126
2013-07-23,7618
2013-07-24,1711
2013-07-25,9236
2013-07-26,7708
2013-07-27,6642
2013-07-28,1990
2013-07-29,2054
2013-07-30,0882
2013-07-31,5071
2013-08-01,3196
2013-08-02,8158
2013-08-03,0927
2013-08-04,8213
2013-08-05,7091
2013-08-06,3557
2013-08-07,0497
2013-08-08,3086
2013-08-09,6820
2013-08-10,7652
2013-08-11,8594
2013-08-12,2037
2013-08-13,8068
2013-08-14,3678
2013-08-15,0327
2013-08-16,0454
2013-08-17,2957
2013-08-18,4530
2013-08-19,6495
2013-08-20,7090
2013-08-21,3471
2013-08-22,9970
2013-08-23,6718
2013-08-24,4858
2013-08-25,7436
2013-08-26,6310
2013-08-27,5876
2013-08-28,1535
2013-08-29,7967
2013-08-30,5596
2013-08-31,3286
2013-09-01,9252
2013-09-02,7692
2013-09-03,3414
2013-09-04,2280
2013-09-05,9161
2013-09-06,8924
2013-09-07,6813
2013-09-08,6816
2013-09-09,2134
2013-09-10,2959
2013-09-11,4118
2013-09-12,1116
2013-09-13,8935
2013-09-14,6221
2013-09-15,3694
2013-09-16,8410
2013-09-17,1828
2013-09-18,3496
2013-09-19,9110
2013-09-20,5141
2013-09-21,1855
2013-09-22,4048
2013-09-23,7810
2013-09-24,6557
2013-09-25,3023
2013-09-26,5287
2013-09-27,8388
2013-09-28,5123
2013-09-29,6278
2013-09-30,3145
2013-10-01,9379
2013-10-02,8965
2013-10-03,7813
2013-10-04,2559
2013-10-05,6471
2013-10-06,8211
2013-10-07,9156
2013-10-08,5495
2013-10-09,3567
2013-10-10,1643
2013-10-11,7894
2013-10-12,6129
2013-10-13,8074
2013-10-14,1351
2013-10-15,6787
2013-10-16,4877
2013-10-17,2984
2013-10-18,7399
2013-10-19,8592
2013-10-20,6422
2013-10-21,3079
2013-10-22,5242
2013-10-23,8180
2013-10-24,0160
2013-10-25,7009
2013-10-26,6953
2013-10-27,8980
2013-10-28,5537
2013-10-29,8114
2013-10-30,6807
2013-10-31,6634
2013-11-01,7470
2013-11-02,3432
2013-11-03,0656
2013-11-04,8867
2013-11-05,2285
2013-11-06,4836
2013-11-07,0548
2013-11-08,3184
2013-11-09,2474
2013-11-10,8953
2013-11-11,7383
2013-11-12,9477
2013-11-13,8365
2013-11-14,0394
2013-11-15,5919
2013-11-16,7311
2013-11-17,9943
2013-11-18,0183
2013-11-19,4659
2013-11-20,3770
2013-11-21,5107
2013-11-22,4288
2013-11-23,6075
2013-11-24,2743
2013-11-25,5040
2013-11-26,1163
2013-11-27,2204
2013-11-28,9193
2013-11-29,5639
2013-11-30,8208
2013-12-01,9544
2013-12-02,2968
2013-12-03,4913
2013-12-04,0553
2013-12-05,9941
2013-12-06,4534
2013-12-07,0291
2013-12-08,2254
2013-12-09,0422
2013-12-10,5418
2013-12-11,4264
2013-12-12,0038
2013-12-13,2388
2013-12-14,5420
2013-12-15,8059
2013-12-16,0345
2013-12-17,3447
2013-12-18,2735
2013-12-19,1877
2013-12-20,2361
2013-12-21,0183
2013-12-22,7530
2013-12-23,6387
2013-12-24,3907
2013-12-25,1754
2013-12-26,3619
2013-12-27,3943
2013-12-28,0178
2013-12-29,9895
2013-12-30,1559
2013-12-31,6575
2014-01-01,4164
2014-01-02,8965
2014-01-03,3787
2014-01-04,1557
2014-01-05,8490
2014-01-06,3078
2014-01-07,9363
2014-01-08,4904
2014-01-09,6712
2014-01-10,5700
2014-01-11,8372
2014-01-12,6849
2014-01-13,7923
2014-01-14,1288
2014-01-15,3884
2014-01-16,9467
2014-01-17,0296
2014-01-18,1822
2014-01-19,5279
2014-01-20,4961
2014-01-21,2707
2014-01-22,3948
2014-01-23,1499
2014-01-24,7096
2014-01-25,5912
2014-01-26,3164
2014-01-27,0627
2014-01-28,4238
2014-01-29,3683
2014-01-30,9066
2014-01-31,7886
2014-02-01,2261
2014-02-02,8841
2014-02-03,9209
2014-02-04,4859
2014-02-05,7277
2014-02-06,6735
2014-02-07,0391
2014-02-08,3485
2014-02-09,7307
2014-02-10,8849
2014-02-11,5845
2014-02-12,3065
2014-02-13,4599
2014-02-14,6637
2014-02-15,0751
2014-02-16,2600
2014-02-17,9178
2014-02-18,7864
2014-02-19,9819
2014-02-20,3952
2014-02-21,6533
2014-02-22,8146
2014-02-23,2995
2014-02-24,4570
2014-02-25,5987
2014-02-26,0799
2014-02-27,1389
2014-02-28,8954
2014-03-01,2436
2014-03-02,9366
2014-03-03,0672
2014-03-04,3004
2014-03-05,5059
2014-03-06,1353
2014-03-07,7573
2014-03-08,6324
2014-03-09,0385
2014-03-10,1237
2014-03-11,7806
2014-03-12,4687
2014-03-13,6249
2014-03-14,9312
2014-03-15,3841
2014-03-16,0954
2014-03-17,6642
2014-03-18,3718
2014-03-19,5524
2014-03-20,0178
2014-03-21,3812
2014-03-22,8926
2014-03-23,1262
2014-03-24,4660
2014-03-25,9383
2014-03-26,2774
2014-03-27,3801
2014-03-28,6212
2014-03-29,7336
2014-03-30,0127
2014-03-31,9046
2014-04-01,3366
2014-04-02,1022
2014-04-03,6085
2014-04-04,2877
2014-04-05,7603
2014-04-06,5179
2014-04-07,0241
2014-04-08,6135
2014-04-09,3419
2014-04-10,7353
2014-04-11,5762
2014-04-12,8924
2014-04-13,9471
2014-04-14,2706
2014-04-15,2595
2014-04-16,1446
2014-04-17,3591
2014-04-18,6483
2014-04-19,5428
2014-04-20,2831
2014-04-21,5902
2014-04-22,2566
2014-04-23,9613
2014-04-24,0938
2014-04-25,7589
2014-04-26,9897
2014-04-27,0643
2014-04-28,6921
2014-04-29,8404
2014-04-30,3412
2014-05-01,6136
2014-05-02,1126
2014-05-03,2400
2014-05-04,9241
2014-05-05,4019
2014-05-06,7933
2014-05-07,3428
2014-05-08,8040
2014-05-09,9606
2014-05-10,6513
2014-05-11,7437
2014-05-12,1638
2014-05-13,9788
2014-05-14,8702
2014-05-15,6029
2014-05-16,2317
2014-05-17,1043
2014-05-18,3158
2014-05-19,1678
2014-05-20,2276
2014-05-21,8667
2014-05-22,7804
2014-05-23,0687
2014-05-24,5048
2014-05-25,4619
2014-05-26,1724
2014-05-27,8430
2014-05-28,4906
2014-05-29,6608
2014-05-30,3392
2014-05-31,0654
2014-06-01,1229
2014-06-02,4980
2014-06-03,0736
2014-06-04,9842
2014-06-05,0804
2014-06-06,5840
2014-06-07,6070
2014-06-08,8732
2014-06-09,1824
2014-06-10,4202
2014-06-11,5302
2014-06-12,9048
2014-06-13,7116
2014-06-14,3790
2014-06-15,1384
2014-06-16,5828
2014-06-17,8842
2014-06-18,7008
2014-06-19,4939
2014-06-20,1145
2014-06-21,5218
2014-06-22,3789
2014-06-23,6950
2014-06-24,8623
2014-06-25,9307
2014-06-26,2961
2014-06-27,8699
2014-06-28,9722
2014-06-29,6197
2014-06-30,5604
2014-07-01,4819
2014-07-02,5636
2014-07-03,0251
2014-07-04,6043
2014-07-05,8399
2014-07-06,5483
2014-07-07,9626
2014-07-08,3298
2014-07-09,4188
2014-07-10,1647
2014-07-11,0732
2014-07-12,8437
2014-07-13,7865
2014-07-14,5290
2014-07-15,3189
2014-07-16,2296
2014-07-17,9852
2014-07-18,4292
2014-07-19,1355
2014-07-20,7933
2014-07-21,0961
2014-07-22,4377
2014-07-23,3531
2014-07-24,0045
2014-07-25,8760
2014-07-26,9040
2014-07-27,3698
2014-07-28,4900
2014-07-29,5973
2014-07-30,0123
2014-07-31,2916
2014-08-01,6157
2014-08-02,3488
2014-08-03,7892
2014-08-04,4965
2014-08-05,9077
2014-08-06,6024
2014-08-07,2936
2014-08-08,7590
2014-08-09,1943
2014-08-10,6446
2014-08-11,3356
2014-08-12,1421
2014-08-13,0032
2014-08-14,1514
2014-08-15,4294
2014-08-16,0304
2014-08-17,4322
2014-08-18,2840
2014-08-19,4282
2014-08-20,0088
2014-08-21,3265
2014-08-22,8953
2014-08-23,5168
2014-08-24,8355
2014-08-25,0997
2014-08-26,4079
2014-08-27,5343
2014-08-28,3734
2014-08-29,9453
2014-08-30,8905
2014-08-31,9907
2014-09-01,4560
2014-09-02,5098
2014-09-03,1371
2014-09-04,7630
2014-09-05,9065
2014-09-06,3788
2014-09-07,9376
2014-09-08,7655
2014-09-09,8668
2014-09-10,6695
2014-09-11,0577
2014-09-12,7159
2014-09-13,3499
2014-09-14,4586
2014-09-15,1167
2014-09-16,6308
2014-09-17,8433
2014-09-18,0814
2014-09-19,9640
2014-09-20,4797
2014-09-21,3885
2014-09-22,4104
2014-09-23,5311
2014-09-24,3860
2014-09-25,7549
2014-09-26,0337
2014-09-27,9156
2014-09-28,8873
2014-09-29,0194
2014-09-30,4062
2014-10-01,3704
2014-10-02,2387
2014-10-03,4009
2014-10-04,3565
2014-10-05,2577
2014-10-06,3537
2014-10-07,0288
2014-10-08,1696
2014-10-09,3959
2014-10-10,2075
2014-10-11,8978
2014-10-12,5703
2014-10-13,5798
2014-10-14,9566
2014-10-15,4732
2014-10-16,1567
2014-10-17,4768
2014-10-18,0518
2014-10-19,6979
2014-10-20,8279
2014-10-21,9154
2014-10-22,3180
2014-10-23,4663
2014-10-24,8736
2014-10-25,8183
2014-10-26,6894
2014-10-27,1095
2014-10-28,2731
2014-10-29,1071
2014-10-30,6033
2014-10-31,5919
2014-11-01,7818
2014-11-02,5143
2014-11-03,4013
2014-11-04,6499
2014-11-05,8344
2014-11-06,0265
2014-11-07,8779
2014-11-08,7634
2014-11-09,9836
2014-11-10,0754
2014-11-11,4751
2014-11-12,3192
2014-11-13,2503
2014-11-14,7819
2014-11-15,8352
2014-11-16,0578
2014-11-17,3041
2014-11-18,8246
2014-11-19,5132
2014-11-20,1671
2014-11-21,0805
2014-11-22,5024
2014-11-23,7923
2014-11-24,9840
2014-11-25,7687
2014-11-26,3462
2014-11-27,8966
2014-11-28,5208
2014-11-29,3830
2014-11-30,0212
2014-12-01,2603
2014-12-02,1236
2014-12-03,8192
2014-12-04,6513
2014-12-05,0308
2014-12-06,5977
2014-12-07,5260
2014-12-08,1795
2014-12-09,2886
2014-12-10,5753
2014-12-11,8271
2014-12-12,3296
2014-12-13,7636
2014-12-14,9205
2014-12-15,2780
2014-12-16,0386
2014-12-17,5678
2014-12-18,8351
2014-12-19,6408
2014-12-20,5095
2014-12-21,3392
2014-12-22,7287
2014-12-23,4633
2014-12-24,4551
2014-12-25,0891
2014-12-26,4933
2014-12-27,3919
2014-12-28,0057
2014-12-29,9567
2014-12-30,8506
2014-12-31,9131
2015-01-01,7155
2015-01-02,0469
2015-01-03,1349
2015-01-04,6511
2015-01-05,1368
2015-01-06,5799
2015-01-07,6026
2015-01-08,2684
2015-01-09,1528
2015-01-10,7748
2015-01-11,2374
2015-01-12,5844
2015-01-13,2062
2015-01-14,7279
2015-01-15,6043
2015-01-16,9055
2015-01-17,5307
2015-01-18,4787
2015-01-19,3259
2015-01-20,1994
2015-01-21,8755
2015-01-22,1842
2015-01-23,5677
2015-01-24,0418
2015-01-25,2791
2015-01-26,4099
2015-01-27,5246
2015-01-28,1604
2015-01-29,6910
2015-01-30,0467
2015-01-31,2218
2015-02-01,6152
2015-02-02,8276
2015-02-03,7285
2015-02-04,9055
2015-02-05,2366
2015-02-06,6201
2015-02-07,2566
2015-02-08,7134
2015-02-09,8423
2015-02-10,3989
2015-02-11,1972
2015-02-12,2143
2015-02-13,0417
2015-02-14,6756
2015-02-15,1637
2015-02-16,8959
2015-02-17,3625
2015-02-18,4991
2015-02-19,7320
2015-02-20,5613
2015-02-21,5631
2015-02-22,9072
2015-02-23,4323
2015-02-24,2997
2015-02-25,0722
2015-02-26,2677
2015-02-27,6235
2015-02-28,9106
2015-03-01,0664
2015-03-02,7265
2015-03-03,4417
2015-03-04,2553
2015-03-05,9276
2015-03-06,6839
2015-03-07,2752
2015-03-08,5902
2015-03-09,8156
2015-03-10,1862
2015-03-11,9622
2015-03-12,7844
2015-03-13,2094
2015-03-14,9210
2015-03-15,0747
2015-03-16,6082
2015-03-17,4710
2015-03-18,8029
2015-03-19,3932
2015-03-20,0854
2015-03-21,4280
2015-03-22,0616
2015-03-23,3189
2015-03-24,5765
2015-03-25,1635
2015-03-26,8514
2015-03-27,9645
2015-03-28,5850
2015-03-29,4162
2015-03-30,3234
2015-03-31,6454
2015-04-01,2806
2015-04-02,1405
2015-04-03,7598
2015-04-04,8194
2015-04-05,9742
2015-04-06,3209
2015-04-07,5616
2015-04-08,0738
2015-04-09,6078
2015-04-10,8572
2015-04-11,0182
2015-04-12,5960
2015-04-13,7822
2015-04-14,5007
2015-04-15,1040
2015-04-16,5835
2015-04-17,2807
2015-04-18,0998
2015-04-19,4026
2015-04-20,8277
2015-04-21,3862
2015-04-22,3408
2015-04-23,5206
2015-04-24,4739
2015-04-25,5366
2015-04-26,4800
2015-04-27,6793
2015-04-28,4042
2015-04-29,7011
2015-04-30,6488
2015-05-01,5376
2015-05-02,8007
2015-05-03,9838
2015-05-04,0152
2015-05-05,4065
2015-05-06,7264
2015-05-07,5488
2015-05-08,8860
2015-05-09,4076
2015-05-10,1824
2015-05-11,0278
2015-05-12,3647
2015-05-13,7856
2015-05-14,9335
2015-05-15,4975
2015-05-16,6377
2015-05-17,9198
2015-05-18,2588
2015-05-19,1344
2015-05-20,8161
2015-05-21,6405
2015-05-22,9017
2015-05-23,6422
2015-05-24,8011
2015-05-25,3270
2015-05-26,4072
2015-05-27,5096
2015-05-28,2071
2015-05-29,5616
2015-05-30,0361
2015-05-31,6749
2015-06-01,4298
2015-06-02,9435
2015-06-03,5299
2015-06-04,8737
2015-06-05,9839
2015-06-06,7207
2015-06-07,0925
2015-06-08,3392
2015-06-09,6198
2015-06-10,5829
2015-06-11,3966
2015-06-12,1497
2015-06-13,0169
2015-06-14,7499
2015-06-15,1087
2015-06-16,2367
2015-06-17,9144
2015-06-18,3899
2015-06-19,4989
2015-06-20,8316
2015-06-21,6171
2015-06-22,5037
2015-06-23,1364
2015-06-24,0487
2015-06-25,9022
2015-06-26,7281
2015-06-27,3528
2015-06-28,6682
2015-06-29,5281
2015-06-30,8820
2015-07-01,1684
2015-07-02,0399
2015-07-03,5620
2015-07-04,2966
2015-07-05,3380
2015-07-06,2825
2015-07-07,9426
2015-07-08,1479
2015-07-09,3848
2015-07-10,8056
2015-07-11,9761
2015-07-12,0730
2015-07-13,4085
2015-07-14,1545
2015-07-15,6832
2015-07-16,5681
2015-07-17,0691
2015-07-18,9317
2015-07-19,0872
2015-07-20,3398
2015-07-21,9520
2015-07-22,9586
2015-07-23,7768
2015-07-24,1904
2015-07-25,4673
2015-07-26,8821
2015-07-27,8616
2015-07-28,4550
2015-07-29,1664
2015-07-30,0648
2015-07-31,3507
2015-08-01,3004
2015-08-02,4679
2015-08-03,6082
2015-08-04,9028
2015-08-05,0530
2015-08-06,8296
2015-08-07,7406
2015-08-08,3045
2015-08-09,9121
2015-08-10,6954
2015-08-11,7984
2015-08-12,0650
2015-08-13,1163
2015-08-14,4786
2015-08-15,9357
2015-08-16,9598
2015-08-17,3921
2015-08-18,5380
2015-08-19,8732
2015-08-20,0715
2015-08-21,8566
2015-08-22,3782
2015-08-23,5112
2015-08-24,8315
2015-08-25,0752
2015-08-26,1027
2015-08-27,8132
2015-08-28,2693
2015-08-29,5039
2015-08-30,1703
2015-08-31,0217
2015-09-01,0092
2015-09-02,4533
2015-09-03,3466
2015-09-04,2146
2015-09-05,6948
2015-09-06,1845
2015-09-07,8612
2015-09-08,3206
2015-09-09,0122
2015-09-10,6438
2015-09-11,4979
2015-09-12,9833
2015-09-13,1493
2015-09-14,5481
2015-09-15,0587
2015-09-16,3817
2015-09-17,0233
2015-09-18,5317
2015-09-19,2409
2015-09-20,1083
2015-09-21,6451
2015-09-22,4092
2015-09-23,9368
2015-09-24,5847
2015-09-25,3786
2015-09-26,0821
2015-09-27,2767
2015-09-28,6187
2015-09-29,4706
2015-09-30,5621
2015-10-01,6149
2015-10-02,3778
2015-10-03,7236
2015-10-04,9113
2015-10-05,4360
2015-10-06,2648
2015-10-07,3208
2015-10-08,7264
2015-10-09,9576
2015-10-10,5343
2015-10-11,9693
2015-10-12,4229
2015-10-13,7640
2015-10-14,8677
2015-10-15,2480
2015-10-16,5776
2015-10-17,3086
2015-10-18,3505
2015-10-19,0398
2015-10-20,5589
2015-10-21,4252
2015-10-22,5330
2015-10-23,6736
2015-10-24,2304
2015-10-25,0267
2015-10-26,6940
2015-10-27,3249
2015-10-28,9529
2015-10-29,8601
2015-10-30,4638
2015-10-31,2313
2015-11-01,9744
2015-11-02,0364
2015-11-03,5696
2015-11-04,5905
2015-11-05,0679
2015-11-06,2954
2015-11-07,9149
2015-11-08,2962
2015-11-09,4315
2015-11-10,0167
2015-11-11,2237
2015-11-12,9811
2015-11-13,6948
2015-11-14,0399
2015-11-15,8717
2015-11-16,3780
2015-11-17,2584
2015-11-18,1988
2015-11-19,4175
2015-11-20,6521
2015-11-21,5793
2015-11-22,8142
2015-11-23,7229
2015-11-24,2688
2015-11-25,4273
2015-11-26,2957
2015-11-27,9353
2015-11-28,7981
2015-11-29,5275
2015-11-30,3785
2015-12-01,0717
2015-12-02,4393
2015-12-03,0579
2015-12-04,3741
2015-12-05,8554
2015-12-06,6759
2015-12-07,5011
2015-12-08,9523
2015-12-09,3676
2015-12-10,8303
2015-12-11,4572
2015-12-12,7214
2015-12-13,3188
2015-12-14,2747
2015-12-15,6308
2015-12-16,0381
2015-12-17,9179
2015-12-18,5188
2015-12-19,7599
2015-12-20,3881
2015-12-21,4873
2015-12-22,6657
2015-12-23,4807
2015-12-24,9549
2015-12-25,2836
2015-12-26,7649
2015-12-27,3693
2015-12-28,1704
2015-12-29,9861
2015-12-30,3707
2015-12-31,0631
2016-01-01,9280
2016-01-02,6943
2016-01-03,6164
2016-01-04,7084
2016-01-05,4432
2016-01-06,3702
2016-01-07,4938
2016-01-08,2880
2016-01-09,5988
2016-01-10,1877
2016-01-11,6224
2016-01-12,8712
2016-01-13,4860
2016-01-14,1900
2016-01-15,5336
2016-01-16,9821
2016-01-17,8909
2016-01-18,5847
2016-01-19,5667
2016-01-20,1154
2016-01-21,8535
2016-01-22,3126
2016-01-23,6767
2016-01-24,8920
2016-01-25,0517
2016-01-26,5743
2016-01-27,5908
2016-01-28,0198
2016-01-29,0667
2016-01-30,0786
2016-01-31,3219
2016-02-01,4905
2016-02-02,9565
2016-02-03,5639
2016-02-04,9153
2016-02-05,8029
2016-02-06,3380
2016-02-07,8465
2016-02-08,9869
2016-02-09,6229
2016-02-10,7956
2016-02-11,8643
2016-02-12,1804
2016-02-13,6867
2016-02-14,2936
2016-02-15,0841
2016-02-16,0225
2016-02-17,1534
2016-02-18,8353
2016-02-19,6719
2016-02-20,8518
2016-02-21,4893
2016-02-22,0841
2016-02-23,0225
2016-02-24,1534
2016-02-25,8353
2016-02-26,6719
2016-02-27,8518
2016-02-28,4893
2016-02-29,1154
2016-03-01,3690
2016-03-02,5870
2016-03-03,1066
2016-03-04,3978
2016-03-05,1744
2016-03-06,3981
2016-03-07,5806
2016-03-08,1188
2016-03-09,8957
2016-03-10,7338
2016-03-11,7115
2016-03-12,4633
2016-03-13,8301
2016-03-14,9577
2016-03-15,1485
2016-03-16,1464
2016-03-17,7638
2016-03-18,9393
2016-03-19,8214
2016-03-20,4875
2016-03-21,9126
2016-03-22,1369
2016-03-23,7848
2016-03-24,4402
2016-03-25,8294
2016-03-26,2844
2016-03-27,3775
2016-03-28,6343
2016-03-29,0163
2016-03-30,9370
2016-03-31,4057
2016-04-01,2977
2016-04-02,2816
2016-04-03,7590
2016-04-04,6345
2016-04-05,7609
2016-04-06,2554
2016-04-07,9086
2016-04-08,5290
2016-04-09,3619
2016-04-10,8516
2016-04-11,4323
2016-04-12,1207
2016-04-13,8034
2016-04-14,1944
2016-04-15,9409
2016-04-16,3096
2016-04-17,6684
2016-04-18,7105
2016-04-19,8151
2016-04-20,9566
2016-04-21,3857
2016-04-22,6909
2016-04-23,5288
2016-04-24,9451
2016-04-25,6294
2016-04-26,4159
2016-04-27,8147
2016-04-28,3007
2016-04-29,0846
2016-04-30,0474
2016-05-01,6099
2016-05-02,2755
2016-05-03,4278
2016-05-04,5803
2016-05-05,3945
2016-05-06,4381
2016-05-07,1698
2016-05-08,6839
2016-05-09,8814
2016-05-10,2321
2016-05-11,3857
2016-05-12,0597
2016-05-13,1185
2016-05-14,6487
2016-05-15,3515
2016-05-16,1039
2016-05-17,4784
2016-05-18,9742
2016-05-19,3661
2016-05-20,8271
2016-05-21,8537
2016-05-22,7035
2016-05-23,6778
2016-05-24,0687
2016-05-25,0621
2016-05-26,6401
2016-05-27,6494
2016-05-28,8063
2016-05-29,3600
2016-05-30,2067
2016-05-31,9685
2016-06-01,5399
2016-06-02,3122
2016-06-03,6551
2016-06-04,2688
2016-06-05,8349
2016-06-06,5007
2016-06-07,2901
2016-06-08,1790
2016-06-09,6525
2016-06-10,0178
2016-06-11,1088
2016-06-12,6424
2016-06-13,2544
2016-06-14,7402
2016-06-15,4196
2016-06-16,9149
2016-06-17,7252
2016-06-18,9711
2016-06-19,2466
2016-06-20,6408
2016-06-21,1794
2016-06-22,3485
2016-06-23,1136
2016-06-24,4959
2016-06-25,9619
2016-06-26,9330
2016-06-27,5107
2016-06-28,8692
2016-06-29,3078
2016-06-30,2646
2016-07-01,3684
2016-07-02,6410
2016-07-03,2625
2016-07-04,7238
2016-07-05,8202
2016-07-06,1631
2016-07-07,7398
2016-07-08,5171
2016-07-09,3707
2016-07-10,6470
2016-07-11,4510
2016-07-12,3770
2016-07-13,0598
2016-07-14,8049
2016-07-15,1651
2016-07-16,6524
2016-07-17,3926
2016-07-18,8998
2016-07-19,9462
2016-07-20,3680
2016-07-21,7656
2016-07-22,3160
2016-07-23,4028
2016-07-24,8522
2016-07-25,4882
2016-07-26,8072
2016-07-27,0814
2016-07-28,3208
2016-07-29,0836
2016-07-30,0835
2016-07-31,6670
2016-08-01,7969
2016-08-02,2882
2016-08-03,3279
2016-08-04,2245
2016-08-05,2343
2016-08-06,9184
2016-08-07,7951
2016-08-08,1168
2016-08-09,8806
2016-08-10,6964
2016-08-11,8671
2016-08-12,7057
2016-08-13,1752
2016-08-14,7622
2016-08-15,5719
2016-08-16,1644
2016-08-17,3283
2016-08-18,1562
2016-08-19,5921
2016-08-20,9788
2016-08-21,7633
2016-08-22,5667
2016-08-23,7811
2016-08-24,1655
2016-08-25,1826
2016-08-26,8496
2016-08-27,3692
2016-08-28,6436
2016-08-29,3168
2016-08-30,2653
2016-08-31,0435
2016-09-01,7071
2016-09-02,0823
2016-09-03,9483
2016-09-04,4359
2016-09-05,6731
2016-09-06,2855
2016-09-07,0433
2016-09-08,6102
2016-09-09,8856
2016-09-10,8806
2016-09-11,3122
2016-09-12,6794
2016-09-13,0619
2016-09-14,3466
2016-09-15,3695
2016-09-16,2475
2016-09-17,5524
2016-09-18,9522
2016-09-19,0379
2016-09-20,3022
2016-09-21,5059
2016-09-22,7334
2016-09-23,6906
2016-09-24,5572
2016-09-25,4901
2016-09-26,9729
2016-09-27,1664
2016-09-28,6926
2016-09-29,3608
2016-09-30,3657
2016-10-01,1289
2016-10-02,5194
2016-10-03,6528
2016-10-04,0745
2016-10-05,6431
2016-10-06,8978
2016-10-07,0576
2016-10-08,4346
2016-10-09,6635
2016-10-10,7025
2016-10-11,5482
2016-10-12,4231
2016-10-13,9290
2016-10-14,1993
2016-10-15,3509
2016-10-16,3497
2016-10-17,5937
2016-10-18,4209
2016-10-19,8821
2016-10-20,7342
2016-10-21,1818
2016-10-22,9534
2016-10-23,2738
2016-10-24,1125
2016-10-25,1921
2016-10-26,8314
2016-10-27,0548
2016-10-28,3090
2016-10-29,8149
2016-10-30,3619
2016-10-31,9193
2016-11-01,5683
2016-11-02,8931
2016-11-03,9500
2016-11-04,5186
2016-11-05,6904
2016-11-06,8918
2016-11-07,2044
2016-11-08,4506
2016-11-09,7436
2016-11-10,1618
2016-11-11,3801
2016-11-12,6388
2016-11-13,0224
2016-11-14,2426
2016-11-15,9372
2016-11-16,3409
2016-11-17,5144
2016-11-18,2869
2016-11-19,6589
2016-11-20,2207
2016-11-21,5966
2016-11-22,3951
2016-11-23,6477
2016-11-24,2572
2016-11-25,4802
2016-11-26,9975
2016-11-27,5602
2016-11-28,6763
2016-11-29,7366
2016-11-30,9788
2016-12-01,3840
2016-12-02,0584
2016-12-03,5116
2016-12-04,2860
2016-12-05,3302
2016-12-06,1844
2016-12-07,4960
2016-12-08,6836
2016-12-09,8985
2016-12-10,0281
2016-12-11,1621
2016-12-12,0292
2016-12-13,5151
2016-12-14,2607
2016-12-15,6719
2016-12-16,1865
2016-12-17,0053
2016-12-18,7392
2016-12-19,1752
2016-12-20,6054
2016-12-21,6171
2016-12-22,9867
2016-12-23,8003
2016-12-24,0131
2016-12-25,2353
2016-12-26,9051
2016-12-27,2190
2016-12-28,3356
2016-12-29,1067
2016-12-30,8043
2016-12-31,3042
2017-01-01,4403
2017-01-02,1785
2017-01-03,0289
2017-01-04,3291
2017-01-05,6242
2017-01-06,1924
2017-01-07,5251
2017-01-08,7542
2017-01-09,9790
2017-01-10,0941
2017-01-11,8849
2017-01-12,3908
2017-01-13,1725
2017-01-14,2770
2017-01-15,9179
2017-01-16,7414
2017-01-17,2819
2017-01-18,4102
2017-01-19,3543
2017-01-20,2772
2017-01-21,1030
2017-01-22,1571
2017-01-23,2165
2017-01-24,3645
2017-01-25,9454
2017-01-26,0079
2017-01-27,1763
2017-01-28,3989
2017-01-29,3739
2017-01-30,5631
2017-01-31,1178
2017-02-01,6605
2017-02-02,9068
2017-02-03,0082
2017-02-04,5112
2017-02-05,4090
2017-02-06,0336
2017-02-07,7305
2017-02-08,3875
2017-02-09,0612
2017-02-10,8155
2017-02-11,4376
2017-02-12,9660
2017-02-13,2865
2017-02-14,4352
2017-02-15,8072
2017-02-16,5838
2017-02-17,5171
2017-02-18,0746
2017-02-19,8590
2017-02-20,4795
2017-02-21,2946
2017-02-22,4468
2017-02-23,3979
2017-02-24,9391
2017-02-25,7631
2017-02-26,3334
2017-02-27,1185
2017-02-28,2593
2017-03-01,1434
2017-03-02,4989
2017-03-03,4033
2017-03-04,3551
2017-03-05,4491
2017-03-06,5437
2017-03-07,2790
2017-03-08,3742
2017-03-09,4388
2017-03-10,9096
2017-03-11,6640
2017-03-12,2660
2017-03-13,3986
2017-03-14,0536
2017-03-15,4804
2017-03-16,2031
2017-03-17,8703
2017-03-18,1698
2017-03-19,8115
2017-03-20,3196
2017-03-21,1836
2017-03-22,4590
2017-03-23,4956
2017-03-24,5088
2017-03-25,0475
2017-03-26,0681
2017-03-27,2490
2017-03-28,1873
2017-03-29,6854
2017-03-30,7706
2017-03-31,5407
2017-04-01,9655
2017-04-02,8237
2017-04-03,8449
2017-04-04,4733
2017-04-05,9364
2017-04-06,3156
2017-04-07,0992
2017-04-08,4516
2017-04-09,7349
2017-04-10,9401
2017-04-11,1032
2017-04-12,9377
2017-04-13,4767
2017-04-14,0552
2017-04-15,9956
2017-04-16,7880
2017-04-17,1560
2017-04-18,3176
2017-04-19,7077
2017-04-20,4882
2017-04-21,1441
2017-04-22,3614
2017-04-23,5271
2017-04-24,2268
2017-04-25,6961
2017-04-26,4196
2017-04-27,2040
2017-04-28,8914
2017-04-29,0195
2017-04-30,6988
2017-05-01,2323
2017-05-02,5949
2017-05-03,8390
2017-05-04,4209
2017-05-05,2822
2017-05-06,4180
2017-05-07,0682
2017-05-08,8257
2017-05-09,6248
2017-05-10,9503
2017-05-11,8133
2017-05-12,7141
2017-05-13,6745
2017-05-14,0377
2017-05-15,4005
2017-05-16,5698
2017-05-17,7805
2017-05-18,5889
2017-05-19,1071
2017-05-20,6925
2017-05-21,4645
2017-05-22,2043
2017-05-23,6608
2017-05-24,3522
2017-05-25,6986
2017-05-26,3959
2017-05-27,3639
2017-05-28,8951
2017-05-29,1395
2017-05-30,3834
2017-05-31,1643
2017-06-01,5376
2017-06-02,4611
2017-06-03,6097
2017-06-04,0833
2017-06-05,7793
2017-06-06,4030
2017-06-07,7980
2017-06-08,9254
2017-06-09,5418
2017-06-10,5933
2017-06-11,4815
2017-06-12,7149
2017-06-13,0016
2017-06-14,8697
2017-06-15,3144
2017-06-16,9219
2017-06-17,5417
2017-06-18,6974
2017-06-19,3193
2017-06-20,3231
2017-06-21,2878
2017-06-22,7565
2017-06-23,5164
2017-06-24,7612
2017-06-25,7388
2017-06-26,2271
2017-06-27,3693
2017-06-28,7663
2017-06-29,0255
2017-06-30,5136
2017-07-01,7303
2017-07-02,9093
2017-07-03,5067
2017-07-04,6830
2017-07-05,7915
2017-07-06,3517
2017-07-07,2247
2017-07-08,6926
2017-07-09,0614
2017-07-10,4890
2017-07-11,0784
2017-07-12,2900
2017-07-13,3224
2017-07-14,6672
2017-07-15,0625
2017-07-16,9529
2017-07-17,1412
2017-07-18,9001
2017-07-19,6951
2017-07-20,5381
2017-07-21,7405
2017-07-22,2840
2017-07-23,8326
2017-07-24,0166
2017-07-25,1474
2017-07-26,5920
2017-07-27,0296
2017-07-28,7664
2017-07-29,9605
2017-07-30,9878
2017-07-31,8941
2017-08-01,5066
2017-08-02,0176
2017-08-03,8563
2017-08-04,9270
2017-08-05,3391
2017-08-06,0163
2017-08-07,6397
2017-08-08,5502
2017-08-09,9425
2017-08-10,3354
2017-08-11,4851
2017-08-12,0395
2017-08-13,1543
2017-08-14,3699
2017-08-15,2105
2017-08-16,3880
2017-08-17,8650
2017-08-18,5966
2017-08-19,8971
2017-08-20,4178
2017-08-21,6402
2017-08-22,3938
2017-08-23,6580
2017-08-24,2276
2017-08-25,8368
2017-08-26,3469
2017-08-27,6773
2017-08-28,7500
2017-08-29,7496
2017-08-30,1309
2017-08-31,5424
2017-09-01,0702
2017-09-02,9393
2017-09-03,2852
2017-09-04,5399
2017-09-05,5207
2017-09-06,7056
2017-09-07,6985
2017-09-08,4919
2017-09-09,8202
2017-09-10,8952
2017-09-11,3940
2017-09-12,8041
2017-09-13,3375
2017-09-14,7169
2017-09-15,3593
2017-09-16,2403
2017-09-17,2598
2017-09-18,3270
2017-09-19,6139
2017-09-20,2310
2017-09-21,4735
2017-09-22,0852
2017-09-23,1192
2017-09-24,4020
2017-09-25,7720
2017-09-26,2001
2017-09-27,4111
2017-09-28,6618
2017-09-29,9900
2017-09-30,6106
2017-10-01,3539
2017-10-02,7006
2017-10-03,2985
2017-10-04,6611
2017-10-05,3340
2017-10-06,9398
2017-10-07,2068
2017-10-08,4756
2017-10-09,9300
2017-10-10,0234
2017-10-11,6749
2017-10-12,4643
2017-10-13,3345
2017-10-14,0075
2017-10-15,9260
2017-10-16,7340
2017-10-17,3288
2017-10-18,0654
2017-10-19,3907
2017-10-20,4602
2017-10-21,5962
2017-10-22,5038
2017-10-23,1782
2017-10-24,6920
2017-10-25,3193
2017-10-26,2476
2017-10-27,0987
2017-10-28,6360
2017-10-29,7427
2017-10-30,1127
2017-10-31,5757
2017-11-01,9583
2017-11-02,1707
2017-11-03,3755
2017-11-04,5070
2017-11-05,3069
2017-11-06,4143
2017-11-07,3967
2017-11-08,0427
2017-11-09,8437
2017-11-10,8517
2017-11-11,8123
2017-11-12,4608
2017-11-13,9548
2017-11-14,1371
2017-11-15,4737
2017-11-16,3175
2017-11-17,1937
2017-11-18,8495
2017-11-19,3850
2017-11-20,8688
2017-11-21,3941
2017-11-22,5202
2017-11-23,6503
2017-11-24,5345
2017-11-25,3196
2017-11-26,1645
2017-11-27,3017
2017-11-28,4458
2017-11-29,7329
2017-11-30,4425
2017-12-01,2495
2017-12-02,8696
2017-12-03,8439
2017-12-04,0430
2017-12-05,7481
2017-12-06,2097
2017-12-07,0795
2017-12-08,4066
2017-12-09,1405
2017-12-10,9079
2017-12-11,8989
2017-12-12,7851
2017-12-13,7396
2017-12-14,5470
2017-12-15,7085
2017-12-16,7245
2017-12-17,8589
2017-12-18,7400
2017-12-19,8171
2017-12-20,0762
2017-12-21,9515
2017-12-22,4854
2017-12-23,0097
2017-12-24,5168
2017-12-25,6332
2017-12-26,6015
2017-12-27,7459
2017-12-28,5709
2017-12-29,7719
2017-12-30,4827
2017-12-31,4556
2018-01-01,2719
2018-01-02,5106
2018-01-03,3621
2018-01-04,6115
2018-01-05,7549
2018-01-06,3456
2018-01-07,6519
2018-01-08,6288
2018-01-09,8700
2018-01-10,6848
2018-01-11,7380
2018-01-12,6902
2018-01-13,3846
2018-01-14,3498
2018-01-15,0201
2018-01-16,2191
2018-01-17,1478
2018-01-18,9760
2018-01-19,9718
2018-01-20,4378
2018-01-21,4517
2018-01-22,4881
2018-01-23,7281
2018-01-24,0394
2018-01-25,5952
2018-01-26,0799
2018-01-27,5906
2018-01-28,9531
2018-01-29,5378
2018-01-30,1620
2018-01-31,6225
2018-02-01,3471
2018-02-02,2291
2018-02-03,4310
2018-02-04,9451
2018-02-05,9881
2018-02-06,2780
2018-02-07,1916
2018-02-08,7207
2018-02-09,8716
2018-02-10,7964
2018-02-11,0468
2018-02-12,9213
2018-02-13,2578
2018-02-14,7528
2018-02-15,6592
2018-02-16,1200
2018-02-17,1388
2018-02-18,9507
2018-02-19,9310
2018-02-20,9319
2018-02-21,4510
2018-02-22,5119
2018-02-23,0942
2018-02-24,9716
2018-02-25,9123
2018-02-26,5090
2018-02-27,9653
2018-02-28,8465
2018-03-01,0492
2018-03-02,9140
2018-03-03,5952
2018-03-04,0584
2018-03-05,4739
2018-03-06,7336
2018-03-07,4492
2018-03-08,1110
2018-03-09,9325
2018-03-10,5800
2018-03-11,2821
2018-03-12,2753
2018-03-13,0731
2018-03-14,0202
2018-03-15,7435
2018-03-16,2974
2018-03-17,1632
2018-03-18,2034
2018-03-19,9247
2018-03-20,6422
2018-03-21,9913
2018-03-22,1745
2018-03-23,5249
2018-03-24,3809
2018-03-25,5869
2018-03-26,5357
2018-03-27,3746
2018-03-28,0891
2018-03-29,2513
2018-03-30,1897
2018-03-31,8051
2018-04-01,7949
2018-04-02,3918
2018-04-03,6250
2018-04-04,7806
2018-04-05,9209
2018-04-06,5800
2018-04-07,4266
2018-04-08,5635
2018-04-09,8535
2018-04-10,5709
2018-04-11,2037
2018-04-12,8873
2018-04-13,2340
2018-04-14,3280
2018-04-15,8805
2018-04-16,7917
2018-04-17,2203
2018-04-18,9107
2018-04-19,4954
2018-04-20,4474
2018-04-21,2647
2018-04-22,6490
2018-04-23,7460
2018-04-24,9339
2018-04-25,9037
2018-04-26,1849
2018-04-27,6304
2018-04-28,2874
2018-04-29,5033
2018-04-30,0003
2018-05-01,4744
2018-05-02,0336
2018-05-03,4536
2018-05-04,6408
2018-05-05,2013
2018-05-06,4639
2018-05-07,3895
2018-05-08,0056
2018-05-09,5210
2018-05-10,6578
2018-05-11,8430
2018-05-12,3365
2018-05-13,9243
2018-05-14,9335
2018-05-15,0125
2018-05-16,4671
2018-05-17,3632
2018-05-18,3816
2018-05-19,5886
2018-05-20,5972
2018-05-21,8677
2018-05-22,5755
2018-05-23,7137
2018-05-24,0604
2018-05-25,0691
2018-05-26,3608
2018-05-27,5412
2018-05-28,4691
2018-05-29,7024
2018-05-30,0998
2018-05-31,0526
2018-06-01,3699
2018-06-02,8011
2018-06-03,6722
2018-06-04,5437
2018-06-05,8609
2018-06-06,3005
2018-06-07,6208
2018-06-08,4592
2018-06-09,2323
2018-06-10,2604
2018-06-11,4701
2018-06-12,9181
2018-06-13,6424
2018-06-14,7932
2018-06-15,6935
2018-06-16,5359
2018-06-17,5994
2018-06-18,3402
2018-06-19,2485
2018-06-20,2965
2018-06-21,9528
2018-06-22,3916
2018-06-23,6739
2018-06-24,2193
2018-06-25,1818
2018-06-26,1640
2018-06-27,7378
2018-06-28,5209
2018-06-29,7335
2018-06-30,9700
2018-07-01,1481
2018-07-02,4045
2018-07-03,6065
2018-07-04,1665
2018-07-05,3729
2018-07-06,7744
2018-07-07,3189
2018-07-08,8927
2018-07-09,0557
2018-07-10,8222
2018-07-11,9672
2018-07-12,8962
2018-07-13,5865
2018-07-14,8330
2018-07-15,3403
2018-07-16,0263
2018-07-17,0335
2018-07-18,6888
2018-07-19,3544
2018-07-20,2108
2018-07-21,5541
2018-07-22,0730
2018-07-23,8159
2018-07-24,8608
2018-07-25,0225
2018-07-26,9451
2018-07-27,0432
2018-07-28,6022
2018-07-29,7943
2018-07-30,3057
2018-07-31,4602
2018-08-01,3903
2018-08-02,5772
2018-08-03,1262
2018-08-04,6847
2018-08-05,2348
2018-08-06,0391
2018-08-07,8396
2018-08-08,0514
2018-08-09,2851
2018-08-10,0377
2018-08-11,5890
2018-08-12,4794
2018-08-13,2301
2018-08-14,5595
2018-08-15,7199
2018-08-16,5493
2018-08-17,0210
2018-08-18,4810
2018-08-19,6180
2018-08-20,3411
2018-08-21,6255
2018-08-22,1180
2018-08-23,3919
2018-08-24,2755
2018-08-25,4638
2018-08-26,7609
2018-08-27,8889
2018-08-28,2740
2018-08-29,5406
2018-08-30,7610
2018-08-31,9641
2018-09-01,3543
2018-09-02,7179
2018-09-03,6479
2018-09-04,4789
2018-09-05,1513
2018-09-06,7010
2018-09-07,7952
2018-09-08,8954
2018-09-09,2538
2018-09-10,4602
2018-09-11,7122
2018-09-12,3940
2018-09-13,7127
2018-09-14,5132
2018-09-15,2568
2018-09-16,0476
2018-09-17,9598
2018-09-18,9865
2018-09-19,9511
2018-09-20,7676
2018-09-21,1063
2018-09-22,3279
2018-09-23,6504
2018-09-24,0874
2018-09-25,5712
2018-09-26,7075
2018-09-27,0515
2018-09-28,3764
2018-09-29,1300
2018-09-30,0278
2018-10-01,2107
2018-10-02,2770
2018-10-03,0898
2018-10-04,7617
2018-10-05,8137
2018-10-06,5502
2018-10-07,3472
2018-10-08,0988
2018-10-09,7454
2018-10-10,4326
2018-10-11,1091
2018-10-12,2837
2018-10-13,8135
2018-10-14,8940
2018-10-15,5440
2018-10-16,5755
2018-10-17,3386
2018-10-18,5078
2018-10-19,9825
2018-10-20,5722
2018-10-21,4176
2018-10-22,7870
2018-10-23,3272
2018-10-24,5584
2018-10-25,4407
2018-10-26,8183
2018-10-27,2016
2018-10-28,8931
2018-10-29,8681
2018-10-30,5806
2018-10-31,4233
2018-11-01,2418
2018-11-02,2828
2018-11-03,5939
2018-11-04,2477
2018-11-05,4125
2018-11-06,6089
2018-11-07,7328
2018-11-08,2865
2018-11-09,2527
2018-11-10,1122
2018-11-11,3565
2018-11-12,1371
2018-11-13,1935
2018-11-14,2079
2018-11-15,4003
2018-11-16,7974
2018-11-17,2395
2018-11-18,6673
2018-11-19,1672
2018-11-20,5775
2018-11-21,4331
2018-11-22,8587
2018-11-23,0774
2018-11-24,0277
2018-11-25,1974
2018-11-26,8768
2018-11-27,8270
2018-11-28,9344
2018-11-29,1753
2018-11-30,0847
2018-12-01,8583
2018-12-02,0779
2018-12-03,8639
2018-12-04,1651
2018-12-05,3371
2018-12-06,4451
2018-12-07,3698
2018-12-08,1145
2018-12-09,7357
2018-12-10,4099
2018-12-11,5377
2018-12-12,6120
2018-12-13,7692
2018-12-14,7042
2018-12-15,4197
2018-12-16,1721
2018-12-17,2041
2018-12-18,0324
2018-12-19,8018
2018-12-20,0053
2018-12-21,8971
2018-12-22,2199
2018-12-23,7175
2018-12-24,3730
2018-12-25,1837
2018-12-26,7786
2018-12-27,5828
2018-12-28,5823
2018-12-29,3133
2018-12-30,7231
2018-12-31,5011
2019-01-01,9302
2019-01-02,9447
2019-01-03,1037
2019-01-04,6195
2019-01-05,7893
2019-01-06,7553
2019-01-07,9012
2019-01-08,4478
2019-01-09,2058
2019-01-10,5068
2019-01-11,6415
2019-01-12,7699
2019-01-13,6591
2019-01-14,3441
2019-01-15,1158
2019-01-16,3660
2019-01-17,0197
2019-01-18,3695
2019-01-19,7471
2019-01-20,0718
2019-01-21,3889
2019-01-22,1831
2019-01-23,0113
2019-01-24,3436
2019-01-25,0960
2019-01-26,7783
2019-01-27,3419
2019-01-28,0672
2019-01-29,9050
2019-01-30,1109
2019-01-31,4579
2019-02-01,1814
2019-02-02,1398
2019-02-03,1396
2019-02-04,1938
2019-02-05,4739
2019-02-06,9944
2019-02-07,9226
2019-02-08,2718
2019-02-09,3762
2019-02-10,7069
2019-02-11,2171
2019-02-12,2236
2019-02-13,8645
2019-02-14,5284
2019-02-15,9913
2019-02-16,4608
2019-02-17,0503
2019-02-18,8360
2019-02-19,6830
2019-02-20,8600
2019-02-21,1207
2019-02-22,6039
2019-02-23,8825
2019-02-24,3047
2019-02-25,2149
2019-02-26,2953
2019-02-27,7062
2019-02-28,7773
2019-03-01,7630
2019-03-02,1869
2019-03-03,1991
2019-03-04,3721
2019-03-05,4316
2019-03-06,3819
2019-03-07,0045
2019-03-08,0079
2019-03-09,2186
2019-03-10,8168
2019-03-11,4599
2019-03-12,9499
2019-03-13,6473
2019-03-14,6007
2019-03-15,3552
2019-03-16,2699
2019-03-17,7840
2019-03-18,8208
2019-03-19,8208
2019-03-20,2132
2019-03-21,2431
2019-03-22,4424
2019-03-23,5096
2019-03-24,6624
2019-03-25,6971
2019-03-26,8974
2019-03-27,2018
2019-03-28,5252
2019-03-29,2756
2019-03-30,9592
2019-03-31,4003
2019-04-01,1549
2019-04-02,7524
2019-04-03,8914
2019-04-04,6180
2019-04-05,7191
2019-04-06,9357
2019-04-07,3508
2019-04-08,2975
2019-04-09,9711
2019-04-10,2233
2019-04-11,1658
2019-04-12,8133
2019-04-13,0516
2019-04-14,1958
2019-04-15,1414
2019-04-16,8968
2019-04-17,9449
2019-04-18,6555
2019-04-19,5237
2019-04-20,2339
2019-04-21,9105
2019-04-22,7959
2019-04-23,3769
2019-04-24,9763
2019-04-25,1377
2019-04-26,8351
2019-04-27,7386
2019-04-28,2206
2019-04-29,4420
2019-04-30,6536
2019-05-01,7161
2019-05-02,9451
2019-05-03,8366
2019-05-04,6582
2019-05-05,0015
2019-05-06,7565
2019-05-07,7622
2019-05-08,2976
2019-05-09,8836
2019-05-10,9420
2019-05-11,4658
2019-05-12,5564
2019-05-13,5190
2019-05-14,9547
2019-05-15,8049
2019-05-16,9697
2019-05-17,7048
2019-05-18,3949
2019-05-19,3841
2019-05-20,3312
2019-05-21,5392
2019-05-22,7043
2019-05-23,1672
2019-05-24,1208
2019-05-25,8216
2019-05-26,3324
2019-05-27,6726
2019-05-28,2189
2019-05-29,0509
2019-05-30,1864
2019-05-31,5226
2019-06-01,4547
2019-06-02,7204
2019-06-03,0523
2019-06-04,6916
2019-06-05,1221
2019-06-06,2146
2019-06-07,2265
2019-06-08,1609
2019-06-09,3443
2019-06-10,9124
2019-06-11,3406
2019-06-12,9359
2019-06-13,0130
2019-06-14,0698
2019-06-15,4630
2019-06-16,8323
2019-06-17,7377
2019-06-18,5736
2019-06-19,7943
2019-06-20,8622
2019-06-21,2603
2019-06-22,8570
2019-06-23,7676
2019-06-24,7795
2019-06-25,5605
2019-06-26,1205
2019-06-27,8454
2019-06-28,2572
2019-06-29,5048
2019-06-30,2960
2019-07-01,0538
2019-07-02,6756
2019-07-03,4032
2019-07-04,6998
2019-07-05,0850
2019-07-06,0862
2019-07-07,8709
2019-07-08,5702
2019-07-09,3981
2019-07-10,6950
2019-07-11,1480
2019-07-12,5332
2019-07-13,0202
2019-07-14,5424
2019-07-15,3086
2019-07-16,2557
2019-07-17,0861
2019-07-18,6103
2019-07-19,3186
2019-07-20,2248
2019-07-21,6066
2019-07-22,1127
2019-07-23,8057
2019-07-24,7303
2019-07-25,6155
2019-07-26,0680
2019-07-27,4145
2019-07-28,9029
2019-07-29,0847
2019-07-30,1506
2019-07-31,4424
2019-08-01,4419
2019-08-02,2055
2019-08-03,9443
2019-08-04,2657
2019-08-05,9672
2019-08-06,1687
2019-08-07,3399
2019-08-08,9481
2019-08-09,1577
2019-08-10,6182
2019-08-11,8581
2019-08-12,5337
2019-08-13,7532
2019-08-14,0956
2019-08-15,3769
2019-08-16,1836
2019-08-17,8199
2019-08-18,2756
2019-08-19,9205
2019-08-20,7305
2019-08-21,0424
2019-08-22,8976
2019-08-23,5909
2019-08-24,2164
2019-08-25,5787
2019-08-26,6517
2019-08-27,6882
2019-08-28,4217
2019-08-29,0626
2019-08-30,5852
2019-08-31,7953
2019-09-01,4491
2019-09-02,1565
2019-09-03,8673
2019-09-04,6022
2019-09-05,9772
2019-09-06,8655
2019-09-07,3183
2019-09-08,3220
2019-09-09,4939
2019-09-10,8932
2019-09-11,3791
2019-09-12,1607
2019-09-13,1871
2019-09-14,9033
2019-09-15,7379
2019-09-16,1095
2019-09-17,7623
2019-09-18,1335
2019-09-19,6072
2019-09-20,6507
2019-09-21,5986
2019-09-22,0236
2019-09-23,4553
2019-09-24,6743
2019-09-25,6017
2019-09-26,8053
2019-09-27,8022
2019-09-28,7534
2019-09-29,6019
2019-09-30,2219
2019-10-01,9390
2019-10-02,0557
2019-10-03,4001
2019-10-04,9919
2019-10-05,7912
2019-10-06,9150
2019-10-07,8194
2019-10-08,7948
2019-10-09,5338
2019-10-10,7278
2019-10-11,6258
2019-10-12,3147
2019-10-13,3821
2019-10-14,0317
2019-10-15,2395
2019-10-16,2349
2019-10-17,1001
2019-10-18,7592
2019-10-19,9365
2019-10-20,1671
2019-10-21,7289
2019-10-22,5959
2019-10-23,9426
2019-10-24,8795
2019-10-25,7220
2019-10-26,7444
2019-10-27,5380
2019-10-28,0922
2019-10-29,7892
2019-10-30,7231
2019-10-31,6953
2019-11-01,9373
2019-11-02,3268
2019-11-03,4924
2019-11-04,6146
2019-11-05,4510
2019-11-06,7866
2019-11-07,5271
2019-11-08,5564
2019-11-09,0117
2019-11-10,1408
2019-11-11,5572
2019-11-12,8348
2019-11-13,5059
2019-11-14,6368
2019-11-15,8688
2019-11-16,7294
2019-11-17,6576
2019-11-18,1867
2019-11-19,8809
2019-11-20,7932
2019-11-21,4868
2019-11-22,9411
2019-11-23,0829
2019-11-24,3624
2019-11-25,2606
2019-11-26,3885
2019-11-27,5428
2019-11-28,7501
2019-11-29,4637
2019-11-30,2434
2019-12-01,1754
2019-12-02,9929
2019-12-03,5251
2019-12-04,4097
2019-12-05,8256
2019-12-06,0278
2019-12-07,6434
2019-12-08,0221
2019-12-09,7559
2019-12-10,1823
2019-12-11,5828
2019-12-12,5516
2019-12-13,4812
2019-12-14,0754
2019-12-15,0114
2019-12-16,5245
2019-12-17,1646
2019-12-18,9469
2019-12-19,0873
2019-12-20,9842
2019-12-21,8546
2019-12-22,0206
2019-12-23,9082
2019-12-24,0964
2019-12-25,1309
2019-12-26,1481
2019-12-27,4663
2019-12-28,5093
2019-12-29,1916
2019-12-30,5067
2019-12-31,1771
2020-01-01,7061
2020-01-02,9437
2020-01-03,7173
2020-01-04,3927
2020-01-05,9136
2020-01-06,0033
2020-01-07,7394
2020-01-08,0101
2020-01-09,9206
2020-01-10,1244
2020-01-11,5359
2020-01-12,0386
2020-01-13,4102
2020-01-14,8037
2020-01-15,2156
2020-01-16,1246
2020-01-17,3169
2020-01-18,6637
2020-01-19,2081
2020-01-20,3108
2020-01-21,7185
2020-01-22,5368
2020-01-23,6256
2020-01-24,8069
2020-01-25,8507
2020-01-26,4280
2020-01-27,4169
2020-01-28,3678
2020-01-29,9263
2020-01-30,0586
2020-01-31,5872
2020-02-01,5524
2020-02-02,4727
2020-02-03,3280
2020-02-04,6893
2020-02-05,6539
2020-02-06,8360
2020-02-07,4494
2020-02-08,0968
2020-02-09,4072
2020-02-10,1748
2020-02-11,7014
2020-02-12,6209
2020-02-13,3407
2020-02-14,6494
2020-02-15,4439
2020-02-16,1488
2020-02-17,9538
2020-02-18,1520
2020-02-19,8622
2020-02-20,7967
2020-02-21,8459
2020-02-22,0287
2020-02-23,1336
2020-02-24,2864
2020-02-25,7592
2020-02-26,4534
2020-02-27,1950
2020-02-28,5358
2020-02-29,7290
2020-03-01,3938
2020-03-02,4435
2020-03-03,7154
2020-03-04,3510
2020-03-05,5379
2020-03-06,1462
2020-03-07,7542
2020-03-08,2139
2020-03-09,6247
2020-03-10,5431
2020-03-11,0828
2020-03-12,9446
2020-03-13,7220
2020-03-14,7803
2020-03-15,3975
2020-03-16,2043
2020-03-17,3983
2020-03-18,3578
2020-03-19,9956
2020-03-20,1775
2020-03-21,9179
2020-03-22,4560
2020-03-23,6272
2020-03-24,6198
2020-03-25,2562
2020-03-26,4699
2020-03-27,7624
2020-03-28,4376
2020-03-29,6561
2020-03-30,1865
2020-03-31,0737
2020-04-01,7793
2020-04-02,5074
2020-04-03,7360
2020-04-04,8733
2020-04-05,5404
2020-04-06,5002
2020-04-07,2144
2020-04-08,4788
2020-04-09,7881
2020-04-10,8414
2020-04-11,3843
2020-04-12,1564
2020-04-13,1842
2020-04-14,8691
2020-04-15,0816
2020-04-16,0362
2020-04-17,3278
2020-04-18,8373
2020-04-19,9277
2020-04-20,9806
2020-04-21,2074
2020-04-22,8195
2020-04-23,9507
2020-04-24,6035
2020-04-25,7309
2020-04-26,1519
2020-04-27,9612
2020-04-28,9137
2020-04-29,4601
2020-04-30,6615
2020-05-01,0684
2020-05-02,8040
2020-05-03,1097
2020-05-04,7079
2020-05-05,5757
2020-05-06,9478
2020-05-07,2339
2020-05-08,4996
2020-05-09,1671
2020-05-10,9797
2020-05-11,7093
2020-05-12,4152
2020-05-13,2966
2020-05-14,9041
2020-05-15,8686
2020-05-16,6731
2020-05-17,8762
2020-05-18,4009
2020-05-19,7303
2020-05-20,9922
2020-05-21,8236
2020-05-22,2130
2020-05-23,3090
2020-05-24,8527
2020-05-25,2637
2020-05-26,8758
2020-05-27,7086
2020-05-28,6675
2020-05-29,3880
2020-05-30,1568
2020-05-31,5511
2020-06-01,5246
2020-06-02,7965
2020-06-03,1648
2020-06-04,1882
2020-06-05,8701
2020-06-06,3621
2020-06-07,7663
2020-06-08,3719
2020-06-09,7075
2020-06-10,6224
2020-06-11,8838
2020-06-12,2557
2020-06-13,9594
2020-06-14,7596
2020-06-15,3850
2020-06-16,6889
2020-06-17,1619
2020-06-18,8353
2020-06-19,3896
2020-06-20,5318
2020-06-21,7656
2020-06-22,2411
2020-06-23,1194
2020-06-24,4147
2020-06-25,4336
2020-06-26,8855
2020-06-27,8374
2020-06-28,8682
2020-06-29,6234
2020-06-30,9246
2020-07-01,8188
2020-07-02,4792
2020-07-03,0884
2020-07-04,2805
2020-07-05,5444
2020-07-06,5909
2020-07-07,4698
2020-07-08,0916
2020-07-09,3965
2020-07-10,9148
2020-07-11,0802
2020-07-12,6955
2020-07-13,3703
2020-07-14,4930
2020-07-15,8520
2020-07-16,0895
2020-07-17,8514
2020-07-18,4136
2020-07-19,8926
2020-07-20,7357
2020-07-21,5074
2020-07-22,9931
2020-07-23,9481
2020-07-24,4168
2020-07-25,0969
2020-07-26,4032
2020-07-27,7640
2020-07-28,9235
2020-07-29,7321
2020-07-30,8083
2020-07-31,6638
2020-08-01,1458
2020-08-02,3942
2020-08-03,5319
2020-08-04,2140
2020-08-05,4730
2020-08-06,1531
2020-08-07,2152
2020-08-08,2190
2020-08-09,0869
2020-08-10,7530
2020-08-11,4438
2020-08-12,9221
2020-08-13,8411
2020-08-14,5887
2020-08-15,2512
2020-08-16,9920
2020-08-17,2906
2020-08-18,6353
2020-08-19,8336
2020-08-20,0609
2020-08-21,6159
2020-08-22,8378
2020-08-23,8962
2020-08-24,9056
2020-08-25,0515
2020-08-26,7281
2020-08-27,0476
2020-08-28,8342
2020-08-29,6528
2020-08-30,7867
2020-08-31,1049
2020-09-01,6808
2020-09-02,3948
2020-09-03,5914
2020-09-04,7087
2020-09-05,7189
2020-09-06,6729
2020-09-07,0990
2020-09-08,2486
2020-09-09,3892
2020-09-10,5440
2020-09-11,9969
2020-09-12,8505
2020-09-13,6439
2020-09-14,5019
2020-09-15,4463
2020-09-16,0300
2020-09-17,9237
2020-09-18,9344
2020-09-19,5077
2020-09-20,4576
2020-09-21,7385
2020-09-22,5174
2020-09-23,0255
2020-09-24,4561
2020-09-25,0849
2020-09-26,3417
2020-09-27,4943
2020-09-28,9273
2020-09-29,2413
2020-09-30,5788
2020-10-01,4327
2020-10-02,1521
2020-10-03,5230
2020-10-04,0682
2020-10-05,5034
2020-10-06,9869
2020-10-07,2517
2020-10-08,5004
2020-10-09,2858
2020-10-10,0572
2020-10-11,8872
2020-10-12,6882
2020-10-13,0284
2020-10-14,1402
2020-10-15,8008
2020-10-16,2680
2020-10-17,6152
2020-10-18,8517
2020-10-19,7754
2020-10-20,0674
2020-10-21,7727
2020-10-22,4597
2020-10-23,4076
2020-10-24,2636
2020-10-25,0460
2020-10-26,4949
2020-10-27,8334
2020-10-28,5007
2020-10-29,5301
2020-10-30,4689
2020-10-31,2056
2020-11-01,5693
2020-11-02,8733
2020-11-03,5185
2020-11-04,2837
2020-11-05,0341
2020-11-06,6433
2020-11-07,0975
2020-11-08,0479
2020-11-09,5047
2020-11-10,6863
2020-11-11,2161
2020-11-12,6487
2020-11-13,3405
2020-11-14,5081
2020-11-15,3640
2020-11-16,7291
2020-11-17,4150
2020-11-18,5437
2020-11-19,6646
2020-11-20,4267
2020-11-21,3857
2020-11-22,6258
2020-11-23,2372
2020-11-24,5218
2020-11-25,7606
2020-11-26,2111
2020-11-27,2892
2020-11-28,6058
2020-11-29,7699
2020-11-30,9239
2020-12-01,0148
2020-12-02,9151
2020-12-03,8626
2020-12-04,3911
2020-12-05,4370
2020-12-06,3097
2020-12-07,8912
2020-12-08,9824
2020-12-09,5434
2020-12-10,8632
2020-12-11,9649
2020-12-12,7088
2020-12-13,2523
2020-12-14,8960
2020-12-15,3183
2020-12-16,8242
2020-12-17,7590
2020-12-18,1294
2020-12-19,5697
2020-12-20,2359
2020-12-21,4153
2020-12-22,1717
2020-12-23,4035
2020-12-24,3844
2020-12-25,0938
2020-12-26,9271
2020-12-27,8791
2020-12-28,7407
2020-12-29,8522
2020-12-30,1587
2020-12-31,5498
2021-01-01,0338
2021-01-02,5733
2021-01-03,6880
2021-01-04,3206
2021-01-05,6263
2021-01-06,8454
2021-01-07,0895
2021-01-08,3565
2021-01-09,5971
2021-01-10,8143
2021-01-11,4611
2021-01-12,0378
2021-01-13,8163
2021-01-14,1277
2021-01-15,2508
2021-01-16,8723
2021-01-17,0659
2021-01-18,2427
2021-01-19,1255
2021-01-20,7865
2021-01-21,4034
2021-01-22,4047
2021-01-23,0614
2021-01-24,6282
2021-01-25,7693
2021-01-26,0492
2021-01-27,1788
2021-01-28,4741
2021-01-29,3920
2021-01-30,7398
2021-01-31,0702
2021-02-01,1873
2021-02-02,6350
2021-02-03,7683
2021-02-04,8404
2021-02-05,8063
2021-02-06,9149
2021-02-07,9494
2021-02-08,1503
2021-02-09,3840
2021-02-10,7110
2021-02-11,2256
2021-02-12,9165
2021-02-13,8546
2021-02-14,8570
2021-02-15,1399
2021-02-16,0726
2021-02-17,5504
2021-02-18,3653
2021-02-19,3241
2021-02-20,6375
2021-02-21,1705
2021-02-22,3225
2021-02-23,2687
2021-02-24,8950
2021-02-25,0174
2021-02-26,4291
2021-02-27,5024
2021-02-28,8390
2021-03-01,4794
2021-03-02,6055
2021-03-03,0671
2021-03-04,9057
2021-03-05,9581
2021-03-06,4367
2021-03-07,6418
2021-03-08,5690
2021-03-09,1848
2021-03-10,3820
2021-03-11,8116
2021-03-12,7096
2021-03-13,3228
2021-03-14,7469
2021-03-15,0572
2021-03-16,6921
2021-03-17,0580
2021-03-18,6107
2021-03-19,0470
2021-03-20,5162
2021-03-21,2610
2021-03-22,4217
2021-03-23,2342
2021-03-24,8213
2021-03-25,0544
2021-03-26,8102
2021-03-27,4065
2021-03-28,9100
2021-03-29,3970
2021-03-30,6812
2021-03-31,2801
2021-04-01,3948
2021-04-02,6784
2021-04-03,5192
2021-04-04,6754
2021-04-05,2540
2021-04-06,9460
2021-04-07,1786
2021-04-08,5915
2021-04-09,5709
2021-04-10,0459
2021-04-11,4108
2021-04-12,5546
2021-04-13,4163
2021-04-14,6904
2021-04-15,8354
2021-04-16,6051
2021-04-17,7043
2021-04-18,0236
2021-04-19,5136
2021-04-20,2811
2021-04-21,1776
2021-04-22,4155
2021-04-23,3682
2021-04-24,6852
2021-04-25,0845
2021-04-26,7143
2021-04-27,5968
2021-04-28,5569
2021-04-29,7935
2021-04-30,8534
2021-05-01,2632
2021-05-02,7606
2021-05-03,9837
2021-05-04,8911
2021-05-05,1707
2021-05-06,2593
2021-05-07,7414
2021-05-08,9273
2021-05-09,0939
2021-05-10,4707
2021-05-11,7619
2021-05-12,2504
2021-05-13,9018
2021-05-14,3233
2021-05-15,5479
2021-05-16,4113
2021-05-17,8061
2021-05-18,3408
2021-05-19,2054
2021-05-20,8836
2021-05-21,7218
2021-05-22,7098
2021-05-23,3178
2021-05-24,3823
2021-05-25,0312
2021-05-26,9082
2021-05-27,4629
2021-05-28,3905
2021-05-29,6711
2021-05-30,4665
2021-05-31,2493
2021-06-01,2729
2021-06-02,0664
2021-06-03,1441
2021-06-04,3009
2021-06-05,2774
2021-06-06,7525
2021-06-07,0714
2021-06-08,9180
2021-06-09,1354
2021-06-10,9212
2021-06-11,8266
2021-06-12,9748
2021-06-13,3225
2021-06-14,1329
2021-06-15,6950
2021-06-16,0385
2021-06-17,2933
2021-06-18,8898
2021-06-19,3196
2021-06-20,4010
2021-06-21,7638
2021-06-22,2914
2021-06-23,0648
2021-06-24,9209
2021-06-25,8013
2021-06-26,4695
2021-06-27,9383
2021-06-28,2634
2021-06-29,8046
2021-06-30,1401
2021-07-01,9831
2021-07-02,8185
2021-07-03,7958
2021-07-04,7916
2021-07-05,8402
2021-07-06,0647
2021-07-07,3053
2021-07-08,5942
2021-07-09,7123
2021-07-10,2994
2021-07-11,6660
2021-07-12,2900
2021-07-13,4330
2021-07-14,2937
2021-07-15,7672
2021-07-16,0871
2021-07-17,1756
2021-07-18,0944
2021-07-19,1390
2021-07-20,1902
2021-07-21,9312
2021-07-22,1218
2021-07-23,4292
2021-07-24,3087
2021-07-25,6116
2021-07-26,7896
2021-07-27,9982
2021-07-28,2267
2021-07-29,2934
2021-07-30,6223
2021-07-31,0681
2021-08-01,5360
2021-08-02,0503
2021-08-03,3986
2021-08-04,0533
2021-08-05,0761
2021-08-06,2693
2021-08-07,1431
2021-08-08,9411
2021-08-09,2849
2021-08-10,7028
2021-08-11,6529
2021-08-12,1297
2021-08-13,7062
2021-08-14,0325
2021-08-15,0494
2021-08-16,6004
2021-08-17,4602
2021-08-18,1152
2021-08-19,0291
2021-08-20,6046
2021-08-21,0517
2021-08-22,2586
2021-08-23,6987
2021-08-24,2689
2021-08-25,8038
2021-08-26,8452
2021-08-27,5145
2021-08-28,8839
2021-08-29,0599
2021-08-30,9479
2021-08-31,8928
2021-09-01,3105
2021-09-02,8399
2021-09-03,1587
2021-09-04,6183
2021-09-05,9542
2021-09-06,6391
2021-09-07,6386
2021-09-08,5272
2021-09-09,4123
2021-09-10,1686
2021-09-11,6500
2021-09-12,8605
2021-09-13,8027
2021-09-14,1611
2021-09-15,9543
2021-09-16,9991
2021-09-17,3902
2021-09-18,6378
2021-09-19,8036
2021-09-20,5240
2021-09-21,9626
2021-09-22,0784
2021-09-23,2904
2021-09-24,5845
2021-09-25,2846
2021-09-26,5166
2021-09-27,6907
2021-09-28,7221
2021-09-29,1057
2021-09-30,5812
2021-10-01,8098
2021-10-02,3005
2021-10-03,0973
2021-10-04,0524
2021-10-05,8012
2021-10-06,0626
2021-10-07,3119
2021-10-08,8884
2021-10-09,8475
2021-10-10,2359
2021-10-11,1331
2021-10-12,3415
2021-10-13,0676
2021-10-14,4966
2021-10-15,8635
2021-10-16,0872
2021-10-17,1238
2021-10-18,7078
2021-10-19,3300
2021-10-20,9470
2021-10-21,7884
2021-10-22,8020
2021-10-23,9327
2021-10-24,0358
2021-10-25,5239
2021-10-26,5230
2021-10-27,7508
2021-10-28,0622
2021-10-29,1406
2021-10-30,0018
2021-10-31,7286
2021-11-01,9381
2021-11-02,4263
2021-11-03,2869
2021-11-04,0996
2021-11-05,9127
2021-11-06,1391
2021-11-07,3111
2021-11-08,1503
2021-11-09,3147
2021-11-10,5964
2021-11-11,2441
2021-11-12,5168
2021-11-13,3820
2021-11-14,2432
2021-11-15,0153
2021-11-16,3191
2021-11-17,2612
2021-11-18,3002
2021-11-19,8939
2021-11-20,3341
2021-11-21,7998
2021-11-22,0323
2021-11-23,0420
2021-11-24,8829
2021-11-25,1237
2021-11-26,7656
2021-11-27,9955
2021-11-28,8735
2021-11-29,1092
2021-11-30,9622
2021-12-01,9916
2021-12-02,2760
2021-12-03,6472
2021-12-04,3113
2021-12-05,9161
2021-12-06,3053
2021-12-07,7662
2021-12-08,9956
2021-12-09,3025
2021-12-10,5030
2021-12-11,0588
2021-12-12,0716
2021-12-13,1572
2021-12-14,6066
2021-12-15,0898
2021-12-16,0277
2021-12-17,7880
2021-12-18,1732
2021-12-19,9229
2021-12-20,5569
2021-12-21,2312
2021-12-22,2865
2021-12-23,2019
2021-12-24,5193
2021-12-25,8997
2021-12-26,5990
2021-12-27,3938
2021-12-28,4308
2021-12-29,8367
2021-12-30,0937
2021-12-31,3083
2022-01-01,9151
2022-01-02,4692
2022-01-03,4266
2022-01-04,0309
2022-01-05,5334
2022-01-06,9708
2022-01-07,1547
2022-01-08,5771
2022-01-09,7081
2022-01-10,2738
2022-01-11,8829
2022-01-12,4869
2022-01-13,7828
2022-01-14,2431
2022-01-15,8534
2022-01-16,7515
2022-01-17,6116
2022-01-18,8856
2022-01-19,0903
2022-01-20,3917
2022-01-21,6174
2022-01-22,6451
2022-01-23,9030
2022-01-24,9626
2022-01-25,7008
2022-01-26,9192
2022-01-27,7689
2022-01-28,9146
2022-01-29,3265
2022-01-30,1877
2022-01-31,1760
2022-02-01,5350
2022-02-02,3937
2022-02-03,2865
2022-02-04,4690
2022-02-05,2809
2022-02-06,5063
2022-02-07,2740
2022-02-08,0443
2022-02-09,2762
2022-02-10,5482
2022-02-11,6350
2022-02-12,0410
2022-02-13,0802
2022-02-14,4187
2022-02-15,3576
2022-02-16,6800
2022-02-17,9479
2022-02-18,0785
2022-02-19,6888
2022-02-20,3503
2022-02-21,8401
2022-02-22,9391
2022-02-23,1122
2022-02-24,4802
2022-02-25,2606
2022-02-26,8799
2022-02-27,9405
2022-02-28,2654
2022-03-01,0485
2022-03-02,5884
2022-03-03,8291
2022-03-04,6156
2022-03-05,5697
2022-03-06,8236
2022-03-07,8655
2022-03-08,6429
2022-03-09,9012
2022-03-10,3904
2022-03-11,9866
2022-03-12,6048
2022-03-13,8495
2022-03-14,9620
2022-03-15,2279
2022-03-16,3407
2022-03-17,9382
2022-03-18,3611
2022-03-19,9156
2022-03-20,6359
2022-03-21,8419
2022-03-22,1695
2022-03-23,8959
2022-03-24,1281
2022-03-25,9544
2022-03-26,4810
2022-03-27,9684
2022-03-28,7433
2022-03-29,2727
2022-03-30,3224
2022-03-31,8919
2022-04-01,3064
2022-04-02,6221
2022-04-03,3641
2022-04-04,2905
2022-04-05,0996
2022-04-06,5836
2022-04-07,1646
2022-04-08,5934
2022-04-09,8047
2022-04-10,4077
2022-04-11,5430
2022-04-12,8143
2022-04-13,5649
2022-04-14,2729
2022-04-15,1940
2022-04-16,5494
2022-04-17,4642
2022-04-18,0441
2022-04-19,6064
2022-04-20,9095
2022-04-21,3493
2022-04-22,2824
2022-04-23,0377
2022-04-24,8024
2022-04-25,3920
2022-04-26,6416
2022-04-27,6612
2022-04-28,9722
2022-04-29,1373
2022-04-30,0835
2022-05-01,2818
2022-05-02,6545
2022-05-03,4509
2022-05-04,8893
2022-05-05,2511
2022-05-06,9477
2022-05-07,8642
2022-05-08,0366
2022-05-09,1668
2022-05-10,2663
2022-05-11,8425
2022-05-12,3076
2022-05-13,8094
2022-05-14,8493
2022-05-15,8618
2022-05-16,9600
2022-05-17,8986
2022-05-18,8167
2022-05-19,0550
2022-05-20,1506
2022-05-21,3716
2022-05-22,1290
2022-05-23,7567
2022-05-24,5856
2022-05-25,9020
2022-05-26,0042
2022-05-27,8590
2022-05-28,1346
2022-05-29,3005
2022-05-30,0287
2022-05-31,0452
2022-06-01,6886
2022-06-02,7320
2022-06-03,2061
2022-06-04,6814
2022-06-05,4702
2022-06-06,0665
2022-06-07,8573
2022-06-08,3827
2022-06-09,2052
2022-06-10,4378
2022-06-11,4868
2022-06-12,5250
2022-06-13,5623
2022-06-14,7957
2022-06-15,5409
2022-06-16,6102
2022-06-17,1072
2022-06-18,7191
2022-06-19,7225
2022-06-20,7256
2022-06-21,5939
2022-06-22,3453
2022-06-23,4441
2022-06-24,5269
2022-06-25,2975
2022-06-26,7352
2022-06-27,5271
2022-06-28,8856
2022-06-29,0179
2022-06-30,3372
2022-07-01,5166
2022-07-02,6963
2022-07-03,2082
2022-07-04,0488
2022-07-05,9332
2022-07-06,4241
2022-07-07,4078
2022-07-08,0584
2022-07-09,0461
2022-07-10,0667
2022-07-11,0706
2022-07-12,3162
2022-07-13,6763
2022-07-14,5505
2022-07-15,9201
2022-07-16,3637
2022-07-17,2455
2022-07-18,2067
2022-07-19,9277
2022-07-20,1509
2022-07-21,1838
2022-07-22,0317
2022-07-23,1903
2022-07-24,7221
2022-07-25,8182
2022-07-26,0797
2022-07-27,1776
2022-07-28,3858
2022-07-29,2098
2022-07-30,2683
2022-07-31,1787
2022-08-01,0372
2022-08-02,9319
2022-08-03,6698
2022-08-04,1051
2022-08-05,3298
2022-08-06,6166
2022-08-07,1805
2022-08-08,3991
2022-08-09,4247
2022-08-10,4572
2022-08-11,5155
2022-08-12,7922
2022-08-13,2126
2022-08-14,6716
2022-08-15,0571
2022-08-16,1293
2022-08-17,4251
2022-08-18,4982
2022-08-19,7417
2022-08-20,8436
2022-08-21,8229
2022-08-22,0362
2022-08-23,7769
2022-08-24,7576
2022-08-25,3961
2022-08-26,0944
2022-08-27,9835
2022-08-28,4613
2022-08-29,4823
2022-08-30,6818
2022-08-31,1384
2022-09-01,5489
2022-09-02,9657
2022-09-03,4896
2022-09-04,8793
2022-09-05,0658
2022-09-06,6236
2022-09-07,1391
2022-09-08,9449
2022-09-09,8978
2022-09-10,8371
2022-09-11,6135
2022-09-12,2546
2022-09-13,0726
2022-09-14,0798
2022-09-15,3649
2022-09-16,7099
2022-09-17,1245
2022-09-18,7525
2022-09-19,3004
2022-09-20,7243
2022-09-21,0538
2022-09-22,5115
2022-09-23,8964
2022-09-24,6154
2022-09-25,5359
2022-09-26,2572
2022-09-27,5715
2022-09-28,7507
2022-09-29,0256
2022-09-30,2808
2022-10-01,9040
2022-10-02,6072
2022-10-03,4674
2022-10-04,0837
2022-10-05,4828
2022-10-06,9057
2022-10-07,6066
2022-10-08,7324
2022-10-09,4132
2022-10-10,2034
2022-10-11,6444
2022-10-12,6388
2022-10-13,2702
2022-10-14,8816
2022-10-15,4268
2022-10-16,5404
2022-10-17,7689
2022-10-18,5088
2022-10-19,4807
2022-10-20,7555
2022-10-21,5309
2022-10-22,6583
2022-10-23,2247
2022-10-24,6569
2022-10-25,8441
2022-10-26,1627
2022-10-27,5914
2022-10-28,7408
2022-10-29,9702
2022-10-30,2169
2022-10-31,5733
2022-11-01,3951
2022-11-02,6459
2022-11-03,6245
2022-11-04,0721
2022-11-05,2744
2022-11-06,4869
2022-11-07,3155
2022-11-08,4505
2022-11-09,2876
2022-11-10,6278
2022-11-11,5064
2022-11-12,8912
2022-11-13,1745
2022-11-14,0216
2022-11-15,6949
2022-11-16,3203
2022-11-17,8399
2022-11-18,6073
2022-11-19,9586
2022-11-20,5998
2022-11-21,6218
2022-11-22,8065
2022-11-23,2456
2022-11-24,0898
2022-11-25,5894
2022-11-26,3953
2022-11-27,2859
2022-11-28,6133
2022-11-29,5484
2022-11-30,8545
2022-12-01,0339
2022-12-02,2495
2022-12-03,5994
2022-12-04,1309
2022-12-05,9393
2022-12-06,0687
2022-12-07,3701
2022-12-08,5909
2022-12-09,4725
2022-12-10,3205
2022-12-11,8939
2022-12-12,3472
2022-12-13,7363
2022-12-14,7550
2022-12-15,0171
2022-12-16,2118
2022-12-17,5977
2022-12-18,7371
2022-12-19,1611
2022-12-20,9235
2022-12-21,5179
2022-12-22,5996
2022-12-23,9851
2022-12-24,9403
2022-12-25,7247
2022-12-26,2690
2022-12-27,3034
2022-12-28,2474
2022-12-29,8505
2022-12-30,8894
2022-12-31,7446
2023-01-01,7933
2023-01-02,4959
2023-01-03,9219
2023-01-04,9689
2023-01-05,6086
2023-01-06,4909
2023-01-07,4106
2023-01-08,5154
2023-01-09,3286
2023-01-10,8242
2023-01-11,7079
2023-01-12,0745
2023-01-13,8021
2023-01-14,6172
2023-01-15,5695
2023-01-16,2413
2023-01-17,6681
2023-01-18,4283
2023-01-19,3249
2023-01-20,4156
2023-01-21,3313
2023-01-22,9859
2023-01-23,4018
2023-01-24,4077
2023-01-25,8983
2023-01-26,3971
2023-01-27,9619
2023-01-28,7360
2023-01-29,8265
2023-01-30,8238
2023-01-31,4912
2023-02-01,6098
2023-02-02,9241
2023-02-03,9396
2023-02-04,5571
2023-02-05,6591
2023-02-06,9664
2023-02-07,6885
2023-02-08,4877
2023-02-09,9736
2023-02-10,6164
2023-02-11,9051
2023-02-12,5239
2023-02-13,3387
2023-02-14,2375
2023-02-15,5360
2023-02-16,0926
2023-02-17,2306
2023-02-18,0930
2023-02-19,6537
2023-02-20,2470
2023-02-21,1440
2023-02-22,4758
2023-02-23,1162
2023-02-24,7119
2023-02-25,6751
2023-02-26,7808
2023-02-27,4766
2023-02-28,7336
2023-03-01,8550
2023-03-02,6759
2023-03-03,0945
2023-03-04,2094
2023-03-05,5480
2023-03-06,5607
2023-03-07,9548
2023-03-08,4776
2023-03-09,5615
2023-03-10,7492
2023-03-11,9955
2023-03-12,4317
2023-03-13,7631
2023-03-14,2543
2023-03-15,3498
2023-03-16,3485
2023-03-17,1924
2023-03-18,7010
2023-03-19,6636
2023-03-20,1022
2023-03-21,0474
2023-03-22,2768
2023-03-23,8388
2023-03-24,9779
2023-03-25,0978
2023-03-26,0712
2023-03-27,1874
2023-03-28,9117
2023-03-29,8355
2023-03-30,3830
2023-03-31,9262
2023-04-01,2342
2023-04-02,6897
2023-04-03,8108
2023-04-04,2907
2023-04-05,4120
2023-04-06,5781
2023-04-07,1452
2023-04-08,2788
2023-04-09,7023
2023-04-10,4181
2023-04-11,9806
2023-04-12,4659
2023-04-13,6851
2023-04-14,4695
2023-04-15,8934
2023-04-16,8255
2023-04-17,0425
2023-04-18,3023
2023-04-19,5380
2023-04-20,2814
2023-04-21,1563
2023-04-22,3987
2023-04-23,7116
2023-04-24,7947
2023-04-25,3438
2023-04-26,0284
2023-04-27,4461
2023-04-28,0240
2023-04-29,8785
2023-04-30,6054
2023-05-01,4934
2023-05-02,3501
2023-05-03,6734
2023-05-04,3173
2023-05-05,9010
2023-05-06,8717
2023-05-07,6560
2023-05-08,2071
2023-05-09,0517
2023-05-10,6989
2023-05-11,2241
2023-05-12,3795
2023-05-13,5649
2023-05-14,0374
2023-05-15,8961
2023-05-16,3518
2023-05-17,7300
2023-05-18,7165
2023-05-19,8871
2023-05-20,5157
2023-05-21,4031
2023-05-22,6780
2023-05-23,4454
2023-05-24,6358
2023-05-25,1897
2023-05-26,6197
2023-05-27,0932
2023-05-28,9208
2023-05-29,2483
2023-05-30,7624
2023-05-31,9190
2023-06-01,5719
2023-06-02,8670
2023-06-03,1938
2023-06-04,0345
2023-06-05,3069
2023-06-06,7408
2023-06-07,4899
2023-06-08,6449
2023-06-09,8415
2023-06-10,4528
2023-06-11,8841
2023-06-12,2133
2023-06-13,7508
2023-06-14,0281
2023-06-15,5073
2023-06-16,7625
2023-06-17,9653
2023-06-18,1311
2023-06-19,2185
2023-06-20,0424
2023-06-21,6584
2023-06-22,0837
2023-06-23,5065
2023-06-24,4703
2023-06-25,7167
2023-06-26,1643
2023-06-27,6390
2023-06-28,2026
2023-06-29,3282
2023-06-30,5804
2023-07-01,9961
2023-07-02,1544
2023-07-03,7301
2023-07-04,8951
2023-07-05,4105
2023-07-06,5817
2023-07-07,0362
2023-07-08,1127
2023-07-09,7600
2023-07-10,0475
2023-07-11,1607
2023-07-12,7576
2023-07-13,6822
2023-07-14,4210
2023-07-15,8694
2023-07-16,5726
2023-07-17,8458
2023-07-18,6904
2023-07-19,5276
2023-07-20,1746
2023-07-21,9602
2023-07-22,3490
2023-07-23,8061
2023-07-24,1698
2023-07-25,2639
2023-07-26,7811
2023-07-27,4203
2023-07-28,8327
2023-07-29,0982
2023-07-30,2254
2023-07-31,5348
2023-08-01,3864
2023-08-02,5110
2023-08-03,6604
2023-08-04,6613
2023-08-05,9694
2023-08-06,4431
2023-08-07,2115
2023-08-08,5889
2023-08-09,4364
2023-08-10,3125
2023-08-11,2563
2023-08-12,6282
2023-08-13,8688
2023-08-14,8192
2023-08-15,9576
2023-08-16,4572
2023-08-17,7166
2023-08-18,3294
2023-08-19,2524
2023-08-20,6504
2023-08-21,2403
2023-08-22,9921
2023-08-23,3931
2023-08-24,1213
2023-08-25,9022
2023-08-26,2850
2023-08-27,8175
2023-08-28,0549
2023-08-29,7051
2023-08-30,8379
2023-08-31,3950
2023-09-01,5207
2023-09-02,7422
2023-09-03,5303
2023-09-04,2796
2023-09-05,1552
2023-09-06,2419
2023-09-07,6427
2023-09-08,8904
2023-09-09,5107
2023-09-10,2556
2023-09-11,1799
2023-09-12,5889
2023-09-13,0906
2023-09-14,3981
2023-09-15,0731
2023-09-16,1065
2023-09-17,6814
2023-09-18,4796
2023-09-19,3326
2023-09-20,2096
2023-09-21,8709
2023-09-22,4912
2023-09-23,8314
2023-09-24,1769
2023-09-25,1095
2023-09-26,5936
2023-09-27,6371
2023-09-28,3103
2023-09-29,7235
2023-09-30,7825
2023-10-01,8839
2023-10-02,1511
2023-10-03,9425
2023-10-04,3174
2023-10-05,2679
2023-10-06,9144
2023-10-07,8773
2023-10-08,8038
2023-10-09,6435
2023-10-10,8654
2023-10-11,7826
2023-10-12,9006
2023-10-13,8675
2023-10-14,6759
2023-10-15,5370
2023-10-16,4052
2023-10-17,7866
2023-10-18,6324
2023-10-19,1600
2023-10-20,2118
2023-10-21,2008
2023-10-22,8931
2023-10-23,4876
2023-10-24,3591
2023-10-25,8612
2023-10-26,3583
2023-10-27,4575
2023-10-28,0599
2023-10-29,9301
2023-10-30,5269
2023-10-31,3806
2023-11-01,2618
2023-11-02,2756
2023-11-03,7971
2023-11-04,4004
2023-11-05,1568
2023-11-06,2611
2023-11-07,4866
2023-11-08,8991
2023-11-09,1249
2023-11-10,8949
2023-11-11,2626
2023-11-12,1342
2023-11-13,3121
2023-11-14,2661
2023-11-15,2503
2023-11-16,5286
2023-11-17,0748
2023-11-18,3541
2023-11-19,4080
2023-11-20,8991
2023-11-21,8762
2023-11-22,4259
2023-11-23,3871
2023-11-24,9172
2023-11-25,4864
2023-11-26,3251
2023-11-27,2423
2023-11-28,6164
2023-11-29,8825
2023-11-30,6506
2023-12-01,2491
2023-12-02,9525
2023-12-03,4670
2023-12-04,6342
2023-12-05,5630
2023-12-06,0778
2023-12-07,6960
2023-12-08,1404
2023-12-09,3086
2023-12-10,2340
2023-12-11,4675
2023-12-12,5902
2023-12-13,8994
2023-12-14,4472
2023-12-15,9434
2023-12-16,3625
2023-12-17,5841
2023-12-18,0224
2023-12-19,9402
2023-12-20,5071
2023-12-21,9084
2023-12-22,2240
2023-12-23,9928
2023-12-24,6801
2023-12-25,2668
2023-12-26,4814
2023-12-27,7386
2023-12-28,0845
2023-12-29,9438
2023-12-30,8603
2023-12-31,8523
2024-01-01,5698
2024-01-02,6371
2024-01-03,7762
2024-01-04,6764
2024-01-05,2075
2024-01-06,8546
2024-01-07,4309
2024-01-08,6746
2024-01-09,6088
2024-01-10,3090
2024-01-11,7642
2024-01-12,1261
2024-01-13,6780
2024-01-14,0645
2024-01-15,5534
2024-01-16,0311
2024-01-17,1173
2024-01-18,5040
2024-01-19,3767
2024-01-20,0588
2024-01-21,1827
2024-01-22,8763
2024-01-23,0481
2024-01-24,0698
2024-01-25,8237
2024-01-26,5092
2024-01-27,2616
2024-01-28,7820
2024-01-29,8243
2024-01-30,4159
2024-01-31,9808
2024-02-01,9320
2024-02-02,7118
2024-02-03,8572
2024-02-04,6755
2024-02-05,6178
2024-02-06,9742
2024-02-07,0887
2024-02-08,7232
2024-02-09,3677
2024-02-10,5769
2024-02-11,6483
2024-02-12,4322
2024-02-13,3415
2024-02-14,6020
2024-02-15,3317
2024-02-16,4107
2024-02-17,5072
2024-02-18,7498
2024-02-19,2195
2024-02-20,6515
2024-02-21,1544
2024-02-22,4757
2024-02-23,5643
2024-02-24,0405
2024-02-25,5973
2024-02-26,6532
2024-02-27,7267
2024-02-28,7530
2024-02-29,5887
2024-03-01,6928
2024-03-02,6875
2024-03-03,4966
2024-03-04,8437
2024-03-05,3948
2024-03-06,0182
2024-03-07,3793
2024-03-08,6475
2024-03-09,0296
2024-03-10,8344
2024-03-11,9967
2024-03-12,3870
2024-03-13,9772
2024-03-14,7334
2024-03-15,7501
2024-03-16,0769
2024-03-17,3582
2024-03-18,6700
2024-03-19,3590
2024-03-20,9042
2024-03-21,8976
2024-03-22,9486
2024-03-23,5864
2024-03-24,8786
2024-03-25,5430
2024-03-26,2894
2024-03-27,9412
2024-03-28,0079
2024-03-29,3757
2024-03-30,4740
2024-03-31,3379
2024-04-01,2127
2024-04-02,0960
2024-04-03,6449
2024-04-04,5879
2024-04-05,6336
2024-04-06,4900
2024-04-07,0867
2024-04-08,8014
2024-04-09,1230
2024-04-10,4474
2024-04-11,9396
2024-04-12,0547
2024-04-13,1837
2024-04-14,5139
2024-04-15,2773
2024-04-16,6290
2024-04-17,6197
2024-04-18,2172
2024-04-19,2109
2024-04-20,3622
2024-04-21,6075
2024-04-22,9058
2024-04-23,5401
2024-04-24,7854
2024-04-25,3807
2024-04-26,9424
2024-04-27,9178
2024-04-28,1742
2024-04-29,5641
2024-04-30,0699
2024-05-01,6016
2024-05-02,2710
2024-05-03,7284
2024-05-04,0851
2024-05-05,2537
2024-05-06,7548
2024-05-07,8711
2024-05-08,1763
2024-05-09,0133
2024-05-10,9518
2024-05-11,6975
2024-05-12,0936
2024-05-13,7423
2024-05-14,2065
2024-05-15,7741
2024-05-16,4381
2024-05-17,4567
2024-05-18,8015
2024-05-19,4187
2024-05-20,6948
2024-05-21,2333
2024-05-22,8252
2024-05-23,8912
2024-05-24,5574
2024-05-25,9809
2024-05-26,5293
2024-05-27,0918
2024-05-28,7154
2024-05-29,4546
2024-05-30,3274
2024-05-31,6388
2024-06-01,2815
2024-06-02,0979
2024-06-03,8153
2024-06-04,9071
2024-06-05,2483
2024-06-06,8957
2024-06-07,6976
2024-06-08,1315
2024-06-09,5782
2024-06-10,5340
2024-06-11,1228
2024-06-12,4823
2024-06-13,8050
2024-06-14,2538
2024-06-15,1759
2024-06-16,5088
2024-06-17,8076
2024-06-18,1082
2024-06-19,0166
2024-06-20,6804
2024-06-21,7890
2024-06-22,3212
2024-06-23,8673
2024-06-24,3059
2024-06-25,1946
2024-06-26,5631
2024-06-27,1865
2024-06-28,3097
2024-06-29,6743
2024-06-30,4549
2024-07-01,8837
2024-07-02,1505
2024-07-03,7061
2024-07-04,2446
2024-07-05,5613
2024-07-06,4863
2024-07-07,0389
2024-07-08,9070
2024-07-09,6726
2024-07-10,7853
2024-07-11,0181
2024-07-12,8074
2024-07-13,4225
2024-07-14,5109
2024-07-15,9930
2024-07-16,2067
2024-07-17,8812
2024-07-18,7335
2024-07-19,5434
2024-07-20,2267
2024-07-21,4478
2024-07-22,0989
2024-07-23,8123
2024-07-24,4786
2024-07-25,8395
2024-07-26,3519
2024-07-27,7847
2024-07-28,2704
2024-07-29,8977
2024-07-30,4152
2024-07-31,1574
2024-08-01,4753
2024-08-02,5488
2024-08-03,0339
2024-08-04,7495
2024-08-05,2650
2024-08-06,9884
2024-08-07,1719
2024-08-08,3985
2024-08-09,0365
2024-08-10,6192
2024-08-11,4091
2024-08-12,8618
2024-08-13,5460
2024-08-14,1486
2024-08-15,6512
2024-08-16,4292
2024-08-17,0159
2024-08-18,6528
2024-08-19,8306
2024-08-20,2562
2024-08-21,1390
2024-08-22,0658
2024-08-23,7581
2024-08-24,5097
2024-08-25,6876
2024-08-26,1913
2024-08-27,6178
2024-08-28,4185
2024-08-29,3711
2024-08-30,8341
2024-08-31,6836
2024-09-01,9367
2024-09-02,0171
2024-09-03,3022
2024-09-04,2685
2024-09-05,4648
2024-09-06,9836
2024-09-07,8905
2024-09-08,6121
2024-09-09,3219
2024-09-10,1029
2024-09-11,7914
2024-09-12,6301
2024-09-13,1545
2024-09-14,7132
2024-09-15,2587
2024-09-16,0809
2024-09-17,7348
2024-09-18,4262
2024-09-19,6801
2024-09-20,4504
2024-09-21,9013
2024-09-22,0238
2024-09-23,5849
2024-09-24,0610
2024-09-25,4575
2024-09-26,1094
2024-09-27,9280
2024-09-28,6434
2024-09-29,8937
2024-09-30,7354
2024-10-01,3100
2024-10-02,2703
2024-10-03,6245
2024-10-04,0487
2024-10-05,4982
2024-10-06,0361
2024-10-07,1891
2024-10-08,3659
2024-10-09,5813
2024-10-10,1152
2024-10-11,9534
2024-10-12,4963
2024-10-13,1288
2024-10-14,4867
2024-10-15,8494
2024-10-16,2718
2024-10-17,0617
2024-10-18,3194
2024-10-19,7807
2024-10-20,1036
2024-10-21,8754
2024-10-22,6249
2024-10-23,4712
2024-10-24,7006
2024-10-25,1356
2024-10-26,9044
2024-10-27,0412
2024-10-28,7340
2024-10-29,9302
2024-10-30,1264
2024-10-31,6615
2024-11-01,8396
2024-11-02,5148
2024-11-03,1932
2024-11-04,3768
2024-11-05,4379
2024-11-06,9287
2024-11-07,6891
2024-11-08,1673
2024-11-09,3462
2024-11-10,9637
2024-11-11,7315
2024-11-12,2959
2024-11-13,3098
2024-11-14,2569
2024-11-15,1848
2024-11-16,9071
2024-11-17,7849
2024-11-18,9674
2024-11-19,4032
2024-11-20,1400
2024-11-21,0590
2024-11-22,2911
2024-11-23,0232
2024-11-24,1836
2024-11-25,9584
2024-11-26,8978
2024-11-27,5240
2024-11-28,7491
2024-11-29,0814
2024-11-30,2124
2024-12-01,6018
2024-12-02,2384
2024-12-03,1701
2024-12-04,0276
2024-12-05,7193
2024-12-06,3269
2024-12-07,4838
2024-12-08,6114
2024-12-09,0623
2024-12-10,1845
2024-12-11,0488
2024-12-12,4896
2024-12-13,2490
2024-12-14,5938
2024-12-15,3084
2024-12-16,1663
2024-12-17,2580
2024-12-18,2964
2024-12-19,5935
2024-12-20,3640
2024-12-21,8215
2024-12-22,9452
2024-12-23,1196
2024-12-24,8719
2024-12-25,4575
2024-12-26,1472
2024-12-27,9263
2024-12-28,7211
2024-12-29,6584
2024-12-30,3899
2024-12-31,8567
2025-01-01,4206
2025-01-02,8314
2025-01-03,0868
2025-01-04,9826
2025-01-05,0524
2025-01-06,6704
2025-01-07,0928
2025-01-08,3556
2025-01-09,7180
2025-01-10,0151
2025-01-11,4520
2025-01-12,1462
2025-01-13,8310
2025-01-14,2047
2025-01-15,3880
2025-01-16,4707
2025-01-17,3454
2025-01-18,5379
2025-01-19,6998
2025-01-20,4652
2025-01-21,7591
2025-01-22,8004
2025-01-23,9379
2025-01-24,0594
2025-01-25,4510
2025-01-26,6074
2025-01-27,4462
2025-01-28,7596
2025-01-29,3647
2025-01-30,5307
2025-01-31,4794
2025-02-01,7951
2025-02-02,9165
2025-02-03,0418
2025-02-04,3368
2025-02-05,1310
2025-02-06,3447
2025-02-07,4738
2025-02-08,1123
2025-02-09,2679
2025-02-10,2036
2025-02-11,5707
2025-02-12,4739
2025-02-13,5378
2025-02-14,1071
2025-02-15,6920 
2025-02-16,0515 
2025-02-17,7613 
2025-02-18,2887 
2025-02-19,2635 
2025-02-20,5012 
2025-02-21,6621 
2025-02-22,3465
2025-02-23,5290
2025-02-24,9709 
2025-02-25,0983 
2025-02-26,8548 
2025-02-27,0260 
2025-02-28,4096 
2025-03-01,6247
2025-03-02,8198
2025-03-03,1031
2025-03-04,0938
2025-03-05,5968
2025-03-06,9802
2025-03-07,3684
2025-03-08,5208
2025-03-09,1875
2025-03-10,6394
2025-03-11,4560
2025-03-12,3881
2025-03-13,8044
2025-03-14,3796
2025-03-15,4098
2025-03-16,5419
2025-03-17,6586
2025-03-18,3067
2025-03-19,3384
2025-03-20,0793
2025-03-21,6160
2025-03-22,9395
2025-03-23,7371
2025-03-24,8957
2025-03-25,5394
2025-03-26,5602
2025-03-27,9960
2025-03-28,7823
2025-03-29,1730
2025-03-30,3987
2025-03-31,2709
2025-04-01,9663
2025-04-02,2856
2025-04-03,5073
2025-04-04,7609
2025-04-05,9492
2025-04-06,4080
2025-04-07,7395
2025-04-08,6115
2025-04-09,5387
2025-04-10,4359
2025-04-11,3701
2025-04-12,7152
2025-04-13,5367
2025-04-14,0155
2025-04-15,0939
2025-04-16,6768
2025-04-17,3265
2025-04-18,0292
2025-04-19,2032
2025-04-20,8620
2025-04-21,1513
2025-04-22,6900
2025-04-23,1323
2025-04-24,8940
2025-04-25,4794
2025-04-26,1319
2025-04-27,5068
2025-04-28,3786
2025-04-29,3995
2025-04-30,1332
2025-05-01,6180
2025-05-02,3795
2025-05-03,3988
2025-05-04,1974
2025-05-05,0247
2025-05-06,7950
2025-05-07,4839
2025-05-08,7291
2025-05-09,0474
2025-05-10,5969
2025-05-11,6817
2025-05-12,1831
2025-05-13,7018
2025-05-14,2174
2025-05-15,1734
2025-05-16,7257
2025-05-17,8371
2025-05-18,8901
2025-05-19,3360
2025-05-20,0573
2025-05-21,5407
2025-05-22,5161
2025-05-23,1869
2025-05-24,9391
2025-05-25,7006
2025-05-26,6234
2025-05-27,8295
2025-05-28,3093
2025-05-29,5780
2025-05-30,1594
2025-05-31,9417
2025-06-01,4960
2025-06-02,3707
2025-06-03,0695
2025-06-04,3924
2025-06-05,6397
2025-06-06,9437
2025-06-07,0353
2025-06-08,3302
2025-06-09,3139
2025-06-10,7992
2025-06-11,2616
2025-06-12,2020
2025-06-13,8056
2025-06-14,4332
2025-06-15,0927
2025-06-16,2336
2025-06-17,4787
2025-06-18,6506
2025-06-19,2328
2025-06-20,3553
2025-06-21,2801
2025-06-22,3154
2025-06-23,4257
2025-06-24,4172
2025-06-25,0906
2025-06-26,3429
2025-06-27,7836
2025-06-28,2731
2025-06-29,9023
2025-06-30,2465
2025-07-01,3685
2025-07-02,5497
2025-07-03,2915
2025-07-04,2077
2025-07-05,4283
2025-07-06,3101
2025-07-07,7725
2025-07-08,8004
2025-07-09,7320 
2025-07-10,4502
2025-07-11,6967
2025-07-12,3016
2025-07-13,1032
2025-07-14,1138
