Tanggal, Result
2013-03-08,5299
2013-03-09,6749
2013-03-10,8357
2013-03-11,0046
2013-03-12,1018
2013-03-13,2891
2013-03-14,2762
2013-03-15,8845
2013-03-16,1039
2013-03-17,7752
2013-03-18,6029
2013-03-19,0246
2013-03-20,6511
2013-03-21,0688
2013-03-22,0815
2013-03-23,4124
2013-03-24,8940
2013-03-25,6194
2013-03-26,9998
2013-03-27,5181
2013-03-28,4005
2013-03-29,7556
2013-03-30,1481
2013-03-31,3948
2013-04-01,9962
2013-04-02,6098
2013-04-03,2490
2013-04-04,6268
2013-04-05,4327
2013-04-06,0790
2013-04-07,2451
2013-04-08,4975
2013-04-09,2436
2013-04-10,6365
2013-04-11,2057
2013-04-12,1258
2013-04-13,9133
2013-04-14,2052
2013-04-15,9103
2013-04-16,3195
2013-04-17,4743
2013-04-18,7253
2013-04-19,6605
2013-04-20,9134
2013-04-21,2439
2013-04-22,8455
2013-04-23,6480
2013-04-24,6007
2013-04-25,1901
2013-04-26,1487
2013-04-27,6059
2013-04-28,7813
2013-04-29,3669
2013-04-30,1036
2013-05-01,6503
2013-05-02,7996
2013-05-03,3217
2013-05-04,0196
2013-05-05,1372
2013-05-06,5762
2013-05-07,2221
2013-05-08,6822
2013-05-09,9863
2013-05-10,2575
2013-05-11,0740
2013-05-12,1638
2013-05-13,2578
2013-05-14,6104
2013-05-15,9329
2013-05-16,4616
2013-05-17,1821
2013-05-18,1448
2013-05-19,6821
2013-05-20,0469
2013-05-21,1765
2013-05-22,2449
2013-05-23,0408
2013-05-24,3385
2013-05-25,3838
2013-05-26,4900
2013-05-27,6107
2013-05-28,5332
2013-05-29,1884
2013-05-30,5089
2013-05-31,6404
2013-06-01,3887
2013-06-02,6333
2013-06-03,2913
2013-06-04,2736
2013-06-05,9830
2013-06-06,2877
2013-06-07,2558
2013-06-08,8969
2013-06-09,6190
2013-06-10,5957
2013-06-11,5739
2013-06-12,2028
2013-06-13,0643
2013-06-14,0060
2013-06-15,3401
2013-06-16,9206
2013-06-17,7900
2013-06-18,3599
2013-06-19,0990
2013-06-20,6302
2013-06-21,1923
2013-06-22,3589
2013-06-23,6805
2013-06-24,1412
2013-06-25,8520
2013-06-26,7142
2013-06-27,8976
2013-06-28,4859
2013-06-29,2763
2013-06-30,8943
2013-07-01,7126
2013-07-02,6285
2013-07-03,7468
2013-07-04,2250
2013-07-05,2546
2013-07-06,6665
2013-07-07,9701
2013-07-08,0959
2013-07-09,6078
2013-07-10,0949
2013-07-11,6221
2013-07-12,7580
2013-07-13,0703
2013-07-14,4070
2013-07-15,0830
2013-07-16,9101
2013-07-17,1899
2013-07-18,1795
2013-07-19,1543
2013-07-20,1985
2013-07-21,5221
2013-07-22,1449
2013-07-23,6149
2013-07-24,8435
2013-07-25,7816
2013-07-26,8163
2013-07-27,4573
2013-07-28,8124
2013-07-29,4601
2013-07-30,9191
2013-07-31,3662
2013-08-01,5472
2013-08-02,3218
2013-08-03,4896
2013-08-04,5429
2013-08-05,9404
2013-08-06,5913
2013-08-07,4122
2013-08-08,7686
2013-08-09,6352
2013-08-10,4466
2013-08-11,0087
2013-08-12,5336
2013-08-13,5461
2013-08-14,9061
2013-08-15,6693
2013-08-16,8183
2013-08-17,7884
2013-08-18,4282
2013-08-19,9162
2013-08-20,6127
2013-08-21,9277
2013-08-22,1857
2013-08-23,7978
2013-08-24,7098
2013-08-25,2691
2013-08-26,7740
2013-08-27,8791
2013-08-28,2479
2013-08-29,1141
2013-08-30,7074
2013-08-31,5715
2013-09-01,1150
2013-09-02,8308
2013-09-03,8092
2013-09-04,0364
2013-09-05,2165
2013-09-06,8048
2013-09-07,5851
2013-09-08,3118
2013-09-09,9952
2013-09-10,1523
2013-09-11,5736
2013-09-12,7469
2013-09-13,0465
2013-09-14,7744
2013-09-15,6511
2013-09-16,1702
2013-09-17,7864
2013-09-18,5341
2013-09-19,2002
2013-09-20,3516
2013-09-21,7446
2013-09-22,9360
2013-09-23,3656
2013-09-24,3911
2013-09-25,4664
2013-09-26,1359
2013-09-27,0961
2013-09-28,5083
2013-09-29,1757
2013-09-30,0482
2013-10-01,6542
2013-10-02,3213
2013-10-03,6211
2013-10-04,3166
2013-10-05,2399
2013-10-06,6071
2013-10-07,7811
2013-10-08,9587
2013-10-09,5108
2013-10-10,2288
2013-10-11,7264
2013-10-12,4715
2013-10-13,0261
2013-10-14,8208
2013-10-15,6020
2013-10-16,8855
2013-10-17,7423
2013-10-18,8478
2013-10-19,5810
2013-10-20,3592
2013-10-21,8674
2013-10-22,9049
2013-10-23,3580
2013-10-24,5143
2013-10-25,9971
2013-10-26,5339
2013-10-27,8309
2013-10-28,2231
2013-10-29,9264
2013-10-30,8786
2013-10-31,0206
2013-11-01,4568
2013-11-02,3473
2013-11-03,9047
2013-11-04,8807
2013-11-05,8233
2013-11-06,4666
2013-11-07,5694
2013-11-08,0991
2013-11-09,6475
2013-11-10,5869
2013-11-11,4418
2013-11-12,8413
2013-11-13,9055
2013-11-14,4224
2013-11-15,2409
2013-11-16,2605
2013-11-17,6516
2013-11-18,5752
2013-11-19,3379
2013-11-20,0614
2013-11-21,1923
2013-11-22,7330
2013-11-23,8495
2013-11-24,6476
2013-11-25,8981
2013-11-26,9320
2013-11-27,4886
2013-11-28,0598
2013-11-29,4251
2013-11-30,0318
2013-12-01,4786
2013-12-02,0524
2013-12-03,6702
2013-12-04,2407
2013-12-05,4769
2013-12-06,1072
2013-12-07,3068
2013-12-08,5011
2013-12-09,3902
2013-12-10,2190
2013-12-11,1155
2013-12-12,0304
2013-12-13,1640
2013-12-14,2369
2013-12-15,8881
2013-12-16,3933
2013-12-17,8750
2013-12-18,5441
2013-12-19,6910
2013-12-20,6448
2013-12-21,5435
2013-12-22,5601
2013-12-23,3269
2013-12-24,8865
2013-12-25,9085
2013-12-26,4325
2013-12-27,9892
2013-12-28,7088
2013-12-29,3356
2013-12-30,6877
2013-12-31,6081
2014-01-01,2380
2014-01-02,5043
2014-01-03,5412
2014-01-04,3531
2014-01-05,8191
2014-01-06,7473
2014-01-07,0564
2014-01-08,9866
2014-01-09,8363
2014-01-10,2826
2014-01-11,5552
2014-01-12,1829
2014-01-13,2336
2014-01-14,0904
2014-01-15,5859
2014-01-16,0981
2014-01-17,6280
2014-01-18,3543
2014-01-19,3930
2014-01-20,7125
2014-01-21,9083
2014-01-22,2931
2014-01-23,9089
2014-01-24,5951
2014-01-25,1215
2014-01-26,3449
2014-01-27,5752
2014-01-28,2817
2014-01-29,6326
2014-01-30,9550
2014-01-31,8548
2014-02-01,1247
2014-02-02,3842
2014-02-03,0126
2014-02-04,3444
2014-02-05,8459
2014-02-06,9523
2014-02-07,2672
2014-02-08,6646
2014-02-09,4933
2014-02-10,3205
2014-02-11,4900
2014-02-12,3912
2014-02-13,1282
2014-02-14,6012
2014-02-15,1636
2014-02-16,8287
2014-02-17,3117
2014-02-18,1454
2014-02-19,4948
2014-02-20,8997
2014-02-21,0010
2014-02-22,2047
2014-02-23,7583
2014-02-24,2108
2014-02-25,5162
2014-02-26,7614
2014-02-27,4878
2014-02-28,5310
2014-03-01,0246
2014-03-02,2300
2014-03-03,4662
2014-03-04,2914
2014-03-05,0201
2014-03-06,6334
2014-03-07,1928
2014-03-08,7676
2014-03-09,4670
2014-03-10,3560
2014-03-11,2585
2014-03-12,0109
2014-03-13,8875
2014-03-14,9911
2014-03-15,8700
2014-03-16,0738
2014-03-17,6751
2014-03-18,3369
2014-03-19,9527
2014-03-20,7541
2014-03-21,2107
2014-03-22,0526
2014-03-23,7752
2014-03-24,0937
2014-03-25,5163
2014-03-26,4058
2014-03-27,6982
2014-03-28,2992
2014-03-29,4500
2014-03-30,4072
2014-03-31,0526
2014-04-01,7110
2014-04-02,4092
2014-04-03,7581
2014-04-04,8324
2014-04-05,4427
2014-04-06,3438
2014-04-07,1659
2014-04-08,9201
2014-04-09,4346
2014-04-10,6316
2014-04-11,6254
2014-04-12,0772
2014-04-13,7661
2014-04-14,4230
2014-04-15,1028
2014-04-16,4183
2014-04-17,4563
2014-04-18,6335
2014-04-19,3343
2014-04-20,2810
2014-04-21,0305
2014-04-22,2404
2014-04-23,8929
2014-04-24,2168
2014-04-25,7488
2014-04-26,2194
2014-04-27,7272
2014-04-28,5662
2014-04-29,1036
2014-04-30,4013
2014-05-01,4251
2014-05-02,1919
2014-05-03,0358
2014-05-04,6886
2014-05-05,5567
2014-05-06,1566
2014-05-07,5626
2014-05-08,5361
2014-05-09,6475
2014-05-10,3105
2014-05-11,9116
2014-05-12,0371
2014-05-13,5098
2014-05-14,9743
2014-05-15,7515
2014-05-16,2841
2014-05-17,6492
2014-05-18,4483
2014-05-19,5310
2014-05-20,6183
2014-05-21,5864
2014-05-22,3983
2014-05-23,9723
2014-05-24,2967
2014-05-25,1487
2014-05-26,3594
2014-05-27,8511
2014-05-28,7873
2014-05-29,6837
2014-05-30,8991
2014-05-31,9075
2014-06-01,6789
2014-06-02,0825
2014-06-03,4611
2014-06-04,0427
2014-06-05,7223
2014-06-06,3453
2014-06-07,8824
2014-06-08,2846
2014-06-09,7947
2014-06-10,0762
2014-06-11,6461
2014-06-12,6651
2014-06-13,5427
2014-06-14,8578
2014-06-15,6577
2014-06-16,7947
2014-06-17,0440
2014-06-18,1558
2014-06-19,7861
2014-06-20,2923
2014-06-21,4858
2014-06-22,9386
2014-06-23,2270
2014-06-24,9179
2014-06-25,6412
2014-06-26,9609
2014-06-27,7737
2014-06-28,3997
2014-06-29,1348
2014-06-30,9157
2014-07-01,3106
2014-07-02,1242
2014-07-03,2289
2014-07-04,3592
2014-07-05,1581
2014-07-06,6067
2014-07-07,5151
2014-07-08,5139
2014-07-09,0914
2014-07-10,9710
2014-07-11,5112
2014-07-12,3955
2014-07-13,3536
2014-07-14,7350
2014-07-15,5672
2014-07-16,2500
2014-07-17,8483
2014-07-18,9700
2014-07-19,4592
2014-07-20,6035
2014-07-21,6699
2014-07-22,6844
2014-07-23,1528
2014-07-24,7604
2014-07-25,3113
2014-07-26,0961
2014-07-27,6487
2014-07-28,4313
2014-07-29,7580
2014-07-30,0896
2014-07-31,8388
2014-08-01,5395
2014-08-02,5743
2014-08-03,1223
2014-08-04,6507
2014-08-05,0592
2014-08-06,4020
2014-08-07,8321
2014-08-08,7201
2014-08-09,6173
2014-08-10,2785
2014-08-11,4575
2014-08-12,8049
2014-08-13,6919
2014-08-14,0675
2014-08-15,7615
2014-08-16,3162
2014-08-17,5292
2014-08-18,4421
2014-08-19,6418
2014-08-20,7157
2014-08-21,7083
2014-08-22,5535
2014-08-23,1232
2014-08-24,7653
2014-08-25,0486
2014-08-26,7120
2014-08-27,5801
2014-08-28,1226
2014-08-29,8617
2014-08-30,4006
2014-08-31,7944
2014-09-01,3183
2014-09-02,1587
2014-09-03,9694
2014-09-04,8974
2014-09-05,7569
2014-09-06,9054
2014-09-07,7502
2014-09-08,3068
2014-09-09,3584
2014-09-10,5140
2014-09-11,4356
2014-09-12,8529
2014-09-13,7585
2014-09-14,8707
2014-09-15,3507
2014-09-16,5752
2014-09-17,4152
2014-09-18,8636
2014-09-19,6343
2014-09-20,0449
2014-09-21,9262
2014-09-22,9817
2014-09-23,2315
2014-09-24,0471
2014-09-25,0852
2014-09-26,8817
2014-09-27,5508
2014-09-28,0063
2014-09-29,4011
2014-09-30,7523
2014-10-01,2944
2014-10-02,8149
2014-10-03,4533
2014-10-04,4571
2014-10-05,0284
2014-10-06,9067
2014-10-07,8820
2014-10-08,6206
2014-10-09,4824
2014-10-10,5526
2014-10-11,0431
2014-10-12,5785
2014-10-13,1327
2014-10-14,7965
2014-10-15,9849
2014-10-16,5964
2014-10-17,3837
2014-10-18,5172
2014-10-19,1299
2014-10-20,7124
2014-10-21,7876
2014-10-22,3572
2014-10-23,9818
2014-10-24,0987
2014-10-25,5633
2014-10-26,2050
2014-10-27,0898
2014-10-28,1530
2014-10-29,9388
2014-10-30,2171
2014-10-31,5481
2014-11-01,6375
2014-11-02,3360
2014-11-03,4872
2014-11-04,6014
2014-11-05,4157
2014-11-06,6566
2014-11-07,7893
2014-11-08,1583
2014-11-09,2060
2014-11-10,8174
2014-11-11,0500
2014-11-12,8665
2014-11-13,6127
2014-11-14,5245
2014-11-15,7628
2014-11-16,3131
2014-11-17,5084
2014-11-18,9580
2014-11-19,5224
2014-11-20,2018
2014-11-21,9013
2014-11-22,6944
2014-11-23,2945
2014-11-24,4625
2014-11-25,8504
2014-11-26,3762
2014-11-27,0415
2014-11-28,9784
2014-11-29,8569
2014-11-30,8584
2014-12-01,2190
2014-12-02,5404
2014-12-03,4800
2014-12-04,1830
2014-12-05,9669
2014-12-06,6154
2014-12-07,8569
2014-12-08,9475
2014-12-09,9550
2014-12-10,4937
2014-12-11,0585
2014-12-12,0897
2014-12-13,6198
2014-12-14,0066
2014-12-15,7871
2014-12-16,8780
2014-12-17,9652
2014-12-18,5290
2014-12-19,4347
2014-12-20,3663
2014-12-21,3995
2014-12-22,2840
2014-12-23,6187
2014-12-24,3781
2014-12-25,5683
2014-12-26,9651
2014-12-27,9004
2014-12-28,7079
2014-12-29,1382
2014-12-30,7113
2014-12-31,7343
2015-01-01,2761
2015-01-02,7794
2015-01-03,9199
2015-01-04,9386
2015-01-05,7995
2015-01-06,2148
2015-01-07,2753
2015-01-08,5922
2015-01-09,1846
2015-01-10,0711
2015-01-11,6537
2015-01-12,8398
2015-01-13,7896
2015-01-14,3606
2015-01-15,1669
2015-01-16,1451
2015-01-17,0724
2015-01-18,3561
2015-01-19,2357
2015-01-20,1457
2015-01-21,2437
2015-01-22,6884
2015-01-23,1377
2015-01-24,4405
2015-01-25,1618
2015-01-26,0170
2015-01-27,4960
2015-01-28,2429
2015-01-29,8822
2015-01-30,5391
2015-01-31,6882
2015-02-01,0342
2015-02-02,5737
2015-02-03,8085
2015-02-04,8787
2015-02-05,4255
2015-02-06,2036
2015-02-07,2818
2015-02-08,7920
2015-02-09,4924
2015-02-10,9642
2015-02-11,6016
2015-02-12,4099
2015-02-13,8878
2015-02-14,6256
2015-02-15,8585
2015-02-16,0604
2015-02-17,0078
2015-02-18,2640
2015-02-19,4179
2015-02-20,4536
2015-02-21,2812
2015-02-22,2161
2015-02-23,3485
2015-02-24,2365
2015-02-25,4743
2015-02-26,5605
2015-02-27,3615
2015-02-28,2532
2015-03-01,4753
2015-03-02,2431
2015-03-03,3189
2015-03-04,3067
2015-03-05,3758
2015-03-06,4349
2015-03-07,5424
2015-03-08,5704
2015-03-09,0159
2015-03-10,8607
2015-03-11,2533
2015-03-12,3721
2015-03-13,4505
2015-03-14,5974
2015-03-15,1480
2015-03-16,5702
2015-03-17,1214
2015-03-18,7175
2015-03-19,9135
2015-03-20,3451
2015-03-21,6877
2015-03-22,8349
2015-03-23,2154
2015-03-24,5603
2015-03-25,1370
2015-03-26,3331
2015-03-27,9492
2015-03-28,5491
2015-03-29,7194
2015-03-30,1712
2015-03-31,2615
2015-04-01,9270
2015-04-02,6035
2015-04-03,6681
2015-04-04,0115
2015-04-05,1577
2015-04-06,5663
2015-04-07,7801
2015-04-08,7859
2015-04-09,7222
2015-04-10,7474
2015-04-11,1280
2015-04-12,1314
2015-04-13,3806
2015-04-14,6895
2015-04-15,8917
2015-04-16,2054
2015-04-17,3002
2015-04-18,1317
2015-04-19,6944
2015-04-20,7356
2015-04-21,3418
2015-04-22,3426
2015-04-23,4519
2015-04-24,4123
2015-04-25,7077
2015-04-26,0346
2015-04-27,3880
2015-04-28,3480
2015-04-29,6814
2015-04-30,3574
2015-05-01,7151
2015-05-02,9250
2015-05-03,8942
2015-05-04,1758
2015-05-05,2698
2015-05-06,6943
2015-05-07,2039
2015-05-08,6727
2015-05-09,1506
2015-05-10,1504
2015-05-11,2347
2015-05-12,2317
2015-05-13,3916
2015-05-14,1556
2015-05-15,8375
2015-05-16,1929
2015-05-17,2529
2015-05-18,3361
2015-05-19,6052
2015-05-20,1144
2015-05-21,9047
2015-05-22,1291
2015-05-23,6737
2015-05-24,3525
2015-05-25,8689
2015-05-26,7277
2015-05-27,2807
2015-05-28,3883
2015-05-29,6170
2015-05-30,7515
2015-05-31,1917
2015-06-01,8932
2015-06-02,5747
2015-06-03,4633
2015-06-04,6461
2015-06-05,9357
2015-06-06,1585
2015-06-07,4879
2015-06-08,1954
2015-06-09,6088
2015-06-10,2034
2015-06-11,5203
2015-06-12,3617
2015-06-13,2863
2015-06-14,5789
2015-06-15,5768
2015-06-16,7086
2015-06-17,1366
2015-06-18,4740
2015-06-19,4280
2015-06-20,9029
2015-06-21,2366
2015-06-22,5462
2015-06-23,1731
2015-06-24,3722
2015-06-25,3055
2015-06-26,4728
2015-06-27,1557
2015-06-28,5061
2015-06-29,9044
2015-06-30,3464
2015-07-01,6150
2015-07-02,1214
2015-07-03,7164
2015-07-04,9187
2015-07-05,7102
2015-07-06,2485
2015-07-07,2191
2015-07-08,1469
2015-07-09,0905
2015-07-10,3082
2015-07-11,1209
2015-07-12,5023
2015-07-13,2173
2015-07-14,1209
2015-07-15,5604
2015-07-16,3741
2015-07-17,1515
2015-07-18,3409
2015-07-19,2374
2015-07-20,2724
2015-07-21,2597
2015-07-22,4154
2015-07-23,1964
2015-07-24,1739
2015-07-25,4124
2015-07-26,3702
2015-07-27,4945
2015-07-28,1513
2015-07-29,4930
2015-07-30,1727
2015-07-31,8072
2015-08-01,0205
2015-08-02,9778
2015-08-03,3529
2015-08-04,2482
2015-08-05,7953
2015-08-06,7643
2015-08-07,6079
2015-08-08,4217
2015-08-09,7480
2015-08-10,3634
2015-08-11,8090
2015-08-12,9687
2015-08-13,4780
2015-08-14,1457
2015-08-15,2880
2015-08-16,1452
2015-08-17,2955
2015-08-18,7257
2015-08-19,1675
2015-08-20,1445
2015-08-21,3114
2015-08-22,8197
2015-08-23,1696
2015-08-24,9080
2015-08-25,7830
2015-08-26,1265
2015-08-27,5369
2015-08-28,3250
2015-08-29,2302
2015-08-30,8001
2015-08-31,4805
2015-09-01,1734
2015-09-02,2845
2015-09-03,0115
2015-09-04,1738
2015-09-05,2329
2015-09-06,6962
2015-09-07,9680
2015-09-08,3487
2015-09-09,8501
2015-09-10,3987
2015-09-11,2832
2015-09-12,2867
2015-09-13,6387
2015-09-14,5601
2015-09-15,1446
2015-09-16,0135
2015-09-17,3939
2015-09-18,1593
2015-09-19,7157
2015-09-20,6401
2015-09-21,3830
2015-09-22,0246
2015-09-23,7842
2015-09-24,1544
2015-09-25,1425
2015-09-26,2060
2015-09-27,5879
2015-09-28,7277
2015-09-29,6269
2015-09-30,7689
2015-10-01,4942
2015-10-02,8685
2015-10-03,2383
2015-10-04,2485
2015-10-05,6755
2015-10-06,3444
2015-10-07,9661
2015-10-08,7574
2015-10-09,8980
2015-10-10,1724
2015-10-11,4540
2015-10-12,4799
2015-10-13,5639
2015-10-14,1743
2015-10-15,6720
2015-10-16,3719
2015-10-17,4485
2015-10-18,3557
2015-10-19,2129
2015-10-20,2522
2015-10-21,2479
2015-10-22,1874
2015-10-23,3437
2015-10-24,1498
2015-10-25,5645
2015-10-26,4383
2015-10-27,4004
2015-10-28,6948
2015-10-29,0468
2015-10-30,1843
2015-10-31,4852
2015-11-01,3259
2015-11-02,1229
2015-11-03,7359
2015-11-04,5351
2015-11-05,2976
2015-11-06,2791
2015-11-07,5727
2015-11-08,5425
2015-11-09,2383
2015-11-10,8376
2015-11-11,7174
2015-11-12,6648
2015-11-13,6025
2015-11-14,2429
2015-11-15,3847
2015-11-16,1519
2015-11-17,8877
2015-11-18,5077
2015-11-19,1605
2015-11-20,9435
2015-11-21,7839
2015-11-22,3683
2015-11-23,7931
2015-11-24,7384
2015-11-25,1083
2015-11-26,6950
2015-11-27,3418
2015-11-28,3404
2015-11-29,3805
2015-11-30,4594
2015-12-01,2833
2015-12-02,8452
2015-12-03,0453
2015-12-04,2232
2015-12-05,0341
2015-12-06,4297
2015-12-07,3269
2015-12-08,7238
2015-12-09,3759
2015-12-10,4716
2015-12-11,3875
2015-12-12,7961
2015-12-13,3708
2015-12-14,1187
2015-12-15,8339
2015-12-16,4637
2015-12-17,1805
2015-12-18,6750
2015-12-19,1547
2015-12-20,7940
2015-12-21,2470
2015-12-22,4831
2015-12-23,2586
2015-12-24,3755
2015-12-25,4615
2015-12-26,3533
2015-12-27,4923
2015-12-28,0162
2015-12-29,4889
2015-12-30,2730
2015-12-31,1944
2016-01-01,5910
2016-01-02,1061
2016-01-03,2357
2016-01-04,1321
2016-01-05,5881
2016-01-06,1248
2016-01-07,7255
2016-01-08,8156
2016-01-09,5974
2016-01-10,1967
2016-01-11,6141
2016-01-12,5671
2016-01-13,1432
2016-01-14,3370
2016-01-15,5066
2016-01-16,5663
2016-01-17,4927
2016-01-18,8015
2016-01-19,2613
2016-01-20,0577
2016-01-21,1575
2016-01-22,6956
2016-01-23,6984
2016-01-24,5055
2016-01-25,7339
2016-01-26,1838
2016-01-27,5912
2016-01-28,2928
2016-01-29,6741
2016-01-30,7819
2016-01-31,2621
2016-02-01,1239
2016-02-02,5953
2016-02-03,3593
2016-02-04,7936
2016-02-05,7248
2016-02-06,1347
2016-02-07,1221
2016-02-08,4170
2016-02-09,2153
2016-02-10,3542
2016-02-11,1534
2016-02-12,6853
2016-02-13,8103
2016-02-14,9140
2016-02-15,2992
2016-02-16,1745
2016-02-17,2406
2016-02-18,7986
2016-02-19,1721
2016-02-20,3621
2016-02-21,2477
2016-02-22,1962
2016-02-23,1849
2016-02-24,3519
2016-02-25,8951
2016-02-26,2418
2016-02-27,9863
2016-02-28,6149
2016-02-29,2798
2016-03-01,3454
2016-03-02,3694
2016-03-03,2675
2016-03-04,3947
2016-03-05,2414
2016-03-06,1828
2016-03-07,1265
2016-03-08,2283
2016-03-09,2202
2016-03-10,8876
2016-03-11,4658
2016-03-12,1771
2016-03-13,3780
2016-03-14,4636
2016-03-15,4471
2016-03-16,6527
2016-03-17,5051
2016-03-18,6351
2016-03-19,9410
2016-03-20,5782
2016-03-21,0289
2016-03-22,1468
2016-03-23,2059
2016-03-24,8981
2016-03-25,9237
2016-03-26,5901
2016-03-27,3925
2016-03-28,9589
2016-03-29,2121
2016-03-30,7067
2016-03-31,3728
2016-04-01,4954
2016-04-02,5198
2016-04-03,1638
2016-04-04,9809
2016-04-05,3726
2016-04-06,2145
2016-04-07,1232
2016-04-08,2776
2016-04-09,3610
2016-04-10,6500
2016-04-11,4757
2016-04-12,6193
2016-04-13,2908
2016-04-14,2923
2016-04-15,4670
2016-04-16,2752
2016-04-17,3438
2016-04-18,2562
2016-04-19,5843
2016-04-20,7982
2016-04-21,2644
2016-04-22,2488
2016-04-23,3857
2016-04-24,4782
2016-04-25,9121
2016-04-26,7094
2016-04-27,4827
2016-04-28,8599
2016-04-29,8965
2016-04-30,5619
2016-05-01,1493
2016-05-02,6974
2016-05-03,6194
2016-05-04,5574
2016-05-05,0004
2016-05-06,5740
2016-05-07,8240
2016-05-08,5754
2016-05-09,8166
2016-05-10,8166
2016-05-11,3285
2016-05-12,3829
2016-05-13,2274
2016-05-14,0775
2016-05-15,2853
2016-05-16,4542
2016-05-17,2904
2016-05-18,2702
2016-05-19,2444
2016-05-20,2518
2016-05-21,1729
2016-05-22,5120
2016-05-23,3023
2016-05-24,9674
2016-05-25,1738
2016-05-26,2361
2016-05-27,1305
2016-05-28,1585
2016-05-29,2660
2016-05-30,1847
2016-05-31,1429
2016-06-01,2843
2016-06-02,8216
2016-06-03,6734
2016-06-04,8983
2016-06-05,2716
2016-06-06,9251
2016-06-07,0577
2016-06-08,2963
2016-06-09,9626
2016-06-10,2591
2016-06-11,1565
2016-06-12,8242
2016-06-13,4553
2016-06-14,9273
2016-06-15,7046
2016-06-16,2576
2016-06-17,3985
2016-06-18,2822
2016-06-19,9258
2016-06-20,3587
2016-06-21,1642
2016-06-22,9389
2016-06-23,1892
2016-06-24,3431
2016-06-25,1035
2016-06-26,5294
2016-06-27,5893
2016-06-28,4304
2016-06-29,4884
2016-06-30,3437
2016-07-01,2136
2016-07-02,3725
2016-07-03,7906
2016-07-04,3830
2016-07-05,7972
2016-07-06,2561
2016-07-07,7172
2016-07-08,6858
2016-07-09,7265
2016-07-10,8194
2016-07-11,2399
2016-07-12,2770
2016-07-13,3644
2016-07-14,7445
2016-07-15,3653
2016-07-16,9727
2016-07-17,1431
2016-07-18,7081
2016-07-19,6181
2016-07-20,2343
2016-07-21,1650
2016-07-22,3476
2016-07-23,4136
2016-07-24,8828
2016-07-25,1221
2016-07-26,9569
2016-07-27,1250
2016-07-28,7322
2016-07-29,0199
2016-07-30,6177
2016-07-31,2446
2016-08-01,8890
2016-08-02,1518
2016-08-03,2780
2016-08-04,8429
2016-08-05,2047
2016-08-06,5143
2016-08-07,1396
2016-08-08,1525
2016-08-09,1555
2016-08-10,3836
2016-08-11,5662
2016-08-12,6571
2016-08-13,3686
2016-08-14,1285
2016-08-15,0265
2016-08-16,4386
2016-08-17,9560
2016-08-18,4154
2016-08-19,2713
2016-08-20,3430
2016-08-21,5625
2016-08-22,7449
2016-08-23,2629
2016-08-24,0278
2016-08-25,1375
2016-08-26,6750
2016-08-27,1334
2016-08-28,3497
2016-08-29,5362
2016-08-30,1298
2016-08-31,7611
2016-09-01,0187
2016-09-02,4406
2016-09-03,5561
2016-09-04,3337
2016-09-05,3517
2016-09-06,1295
2016-09-07,2787
2016-09-08,1795
2016-09-09,2984
2016-09-10,2882
2016-09-11,4626
2016-09-12,1340
2016-09-13,1483
2016-09-14,9578
2016-09-15,9288
2016-09-16,2052
2016-09-17,6919
2016-09-18,7675
2016-09-19,3473
2016-09-20,3551
2016-09-21,1805
2016-09-22,4723
2016-09-23,2679
2016-09-24,5755
2016-09-25,1620
2016-09-26,9978
2016-09-27,7446
2016-09-28,1366
2016-09-29,5048
2016-09-30,5633
2016-10-01,4960
2016-10-02,5876
2016-10-03,3854
2016-10-04,3388
2016-10-05,2423
2016-10-06,9660
2016-10-07,1170
2016-10-08,4573
2016-10-09,1375
2016-10-10,3954
2016-10-11,5162
2016-10-12,4733
2016-10-13,9042
2016-10-14,4131
2016-10-15,9540
2016-10-16,1647
2016-10-17,6704
2016-10-18,3049
2016-10-19,5173
2016-10-20,2658
2016-10-21,5668
2016-10-22,1768
2016-10-23,9401
2016-10-24,7261
2016-10-25,3738
2016-10-26,7937
2016-10-27,5855
2016-10-28,6781
2016-10-29,4153
2016-10-30,5423
2016-10-31,8685
2016-11-01,4451
2016-11-02,5156
2016-11-03,9368
2016-11-04,6694
2016-11-05,0389
2016-11-06,7175
2016-11-07,2732
2016-11-08,4908
2016-11-09,2518
2016-11-10,1978
2016-11-11,1646
2016-11-12,1958
2016-11-13,5619
2016-11-14,2876
2016-11-15,6764
2016-11-16,1233
2016-11-17,2536
2016-11-18,6956
2016-11-19,7919
2016-11-20,6147
2016-11-21,6754
2016-11-22,2202
2016-11-23,2387
2016-11-24,8396
2016-11-25,2792
2016-11-26,7171
2016-11-27,7606
2016-11-28,2301
2016-11-29,7162
2016-11-30,5651
2016-12-01,7050
2016-12-02,8077
2016-12-03,2279
2016-12-04,5015
2016-12-05,4703
2016-12-06,0198
2016-12-07,1949
2016-12-08,4723
2016-12-09,4186
2016-12-10,5469
2016-12-11,4605
2016-12-12,2933
2016-12-13,4535
2016-12-14,7314
2016-12-15,0037
2016-12-16,6505
2016-12-17,1181
2016-12-18,8403
2016-12-19,6706
2016-12-20,7785
2016-12-21,0325
2016-12-22,1624
2016-12-23,0525
2016-12-24,9861
2016-12-25,7827
2016-12-26,5049
2016-12-27,9921
2016-12-28,1383
2016-12-29,6110
2016-12-30,4785
2016-12-31,2735
2017-01-01,2912
2017-01-02,9345
2017-01-03,3141
2017-01-04,7223
2017-01-05,1907
2017-01-06,5480
2017-01-07,1776
2017-01-08,1939
2017-01-09,9077
2017-01-10,8562
2017-01-11,1566
2017-01-12,2318
2017-01-13,9362
2017-01-14,5057
2017-01-15,4965
2017-01-16,5186
2017-01-17,9667
2017-01-18,2801
2017-01-19,0688
2017-01-20,3319
2017-01-21,3733
2017-01-22,2794
2017-01-23,1919
2017-01-24,4815
2017-01-25,2305
2017-01-26,5581
2017-01-27,2467
2017-01-28,1098
2017-01-29,7383
2017-01-30,3979
2017-01-31,3489
2017-02-01,7937
2017-02-02,6319
2017-02-03,8098
2017-02-04,3558
2017-02-05,6494
2017-02-06,1113
2017-02-07,1787
2017-02-08,0625
2017-02-09,1705
2017-02-10,3907
2017-02-11,9722
2017-02-12,1696
2017-02-13,2728
2017-02-14,0247
2017-02-15,3179
2017-02-16,7888
2017-02-17,8003
2017-02-18,8825
2017-02-19,8948
2017-02-20,5436
2017-02-21,4096
2017-02-22,2216
2017-02-23,0566
2017-02-24,7538
2017-02-25,4536
2017-02-26,8273
2017-02-27,0078
2017-02-28,6075
2017-03-01,3469
2017-03-02,3590
2017-03-03,3311
2017-03-04,8560
2017-03-05,3690
2017-03-06,2519
2017-03-07,1517
2017-03-08,7184
2017-03-09,1507
2017-03-10,4582
2017-03-11,2381
2017-03-12,6547
2017-03-13,1374
2017-03-14,5643
2017-03-15,8964
2017-03-16,2342
2017-03-17,6750
2017-03-18,9114
2017-03-19,9412
2017-03-20,7905
2017-03-21,9381
2017-03-22,7984
2017-03-23,7976
2017-03-24,6062
2017-03-25,2956
2017-03-26,4054
2017-03-27,4228
2017-03-28,2145
2017-03-29,4490
2017-03-30,3709
2017-03-31,0913
2017-04-01,3530
2017-04-02,0238
2017-04-03,2856
2017-04-04,7030
2017-04-05,4259
2017-04-06,2701
2017-04-07,8467
2017-04-08,7546
2017-04-09,3014
2017-04-10,1167
2017-04-11,9899
2017-04-12,8617
2017-04-13,7852
2017-04-14,2742
2017-04-15,8648
2017-04-16,1401
2017-04-17,1481
2017-04-18,0239
2017-04-19,3947
2017-04-20,9242
2017-04-21,4200
2017-04-22,1941
2017-04-23,4463
2017-04-24,2218
2017-04-25,9486
2017-04-26,4917
2017-04-27,7799
2017-04-28,6531
2017-04-29,6336
2017-04-30,5390
2017-05-01,2269
2017-05-02,5043
2017-05-03,3183
2017-05-04,7861
2017-05-05,9944
2017-05-06,8579
2017-05-07,2662
2017-05-08,6266
2017-05-09,9288
2017-05-10,1475
2017-05-11,6355
2017-05-12,7756
2017-05-13,8397
2017-05-14,4855
2017-05-15,3004
2017-05-16,1375
2017-05-17,5451
2017-05-18,1403
2017-05-19,1350
2017-05-20,7311
2017-05-21,0702
2017-05-22,0593
2017-05-23,0646
2017-05-24,5854
2017-05-25,7529
2017-05-26,9377
2017-05-27,6611
2017-05-28,7521
2017-05-29,2101
2017-05-30,3622
2017-05-31,3512
2017-06-01,3732
2017-06-02,9970
2017-06-03,2285
2017-06-04,0729
2017-06-05,8160
2017-06-06,2245
2017-06-07,2843
2017-06-08,6514
2017-06-09,5514
2017-06-10,6451
2017-06-11,4970
2017-06-12,3501
2017-06-13,6111
2017-06-14,7916
2017-06-15,4677
2017-06-16,4400
2017-06-17,7552
2017-06-18,1382
2017-06-19,4020
2017-06-20,4309
2017-06-21,3958
2017-06-22,2871
2017-06-23,3451
2017-06-24,1927
2017-06-25,2753
2017-06-26,8211
2017-06-27,7498
2017-06-28,3298
2017-06-29,7440
2017-06-30,8455
2017-07-01,9832
2017-07-02,1208
2017-07-03,0702
2017-07-04,7260
2017-07-05,6943
2017-07-06,6492
2017-07-07,6317
2017-07-08,3483
2017-07-09,1554
2017-07-10,6854
2017-07-11,8333
2017-07-12,9399
2017-07-13,0148
2017-07-14,8651
2017-07-15,8741
2017-07-16,0364
2017-07-17,6843
2017-07-18,8863
2017-07-19,1598
2017-07-20,2669
2017-07-21,0823
2017-07-22,8254
2017-07-23,0592
2017-07-24,0525
2017-07-25,3519
2017-07-26,5942
2017-07-27,1039
2017-07-28,4413
2017-07-29,2825
2017-07-30,3872
2017-07-31,3426
2017-08-01,0503
2017-08-02,3597
2017-08-03,4256
2017-08-04,2414
2017-08-05,9933
2017-08-06,5537
2017-08-07,3237
2017-08-08,9189
2017-08-09,0493
2017-08-10,5120
2017-08-11,5581
2017-08-12,3981
2017-08-13,6852
2017-08-14,5215
2017-08-15,1094
2017-08-16,2787
2017-08-17,9682
2017-08-18,7986
2017-08-19,3933
2017-08-20,0203
2017-08-21,7353
2017-08-22,0972
2017-08-23,4995
2017-08-24,2473
2017-08-25,5974
2017-08-26,7209
2017-08-27,1758
2017-08-28,8846
2017-08-29,4547
2017-08-30,6364
2017-08-31,1740
2017-09-01,4728
2017-09-02,3930
2017-09-03,0982
2017-09-04,4184
2017-09-05,7335
2017-09-06,8782
2017-09-07,0824
2017-09-08,0856
2017-09-09,9200
2017-09-10,3858
2017-09-11,5360
2017-09-12,2603
2017-09-13,7081
2017-09-14,4212
2017-09-15,0524
2017-09-16,3153
2017-09-17,2226
2017-09-18,7566
2017-09-19,7603
2017-09-20,7930
2017-09-21,5440
2017-09-22,2138
2017-09-23,8030
2017-09-24,2294
2017-09-25,0816
2017-09-26,6057
2017-09-27,2448
2017-09-28,3068
2017-09-29,8167
2017-09-30,5056
2017-10-01,6817
2017-10-02,3253
2017-10-03,0394
2017-10-04,1602
2017-10-05,0337
2017-10-06,4291
2017-10-07,6032
2017-10-08,4446
2017-10-09,9039
2017-10-10,7447
2017-10-11,3428
2017-10-12,8219
2017-10-13,9042
2017-10-14,9401
2017-10-15,2575
2017-10-16,8913
2017-10-17,8329
2017-10-18,8924
2017-10-19,3350
2017-10-20,7384
2017-10-21,2117
2017-10-22,1015
2017-10-23,3394
2017-10-24,6145
2017-10-25,5420
2017-10-26,4236
2017-10-27,4146
2017-10-28,4019
2017-10-29,4899
2017-10-30,2319
2017-10-31,4735
2017-11-01,9176
2017-11-02,0514
2017-11-03,5194
2017-11-04,7450
2017-11-05,1502
2017-11-06,3783
2017-11-07,8979
2017-11-08,2459
2017-11-09,0427
2017-11-10,6829
2017-11-11,0680
2017-11-12,9775
2017-11-13,1227
2017-11-14,6900
2017-11-15,6210
2017-11-16,9011
2017-11-17,7957
2017-11-18,7739
2017-11-19,1039
2017-11-20,8923
2017-11-21,5693
2017-11-22,8214
2017-11-23,3005
2017-11-24,9807
2017-11-25,7192
2017-11-26,7693
2017-11-27,1426
2017-11-28,2334
2017-11-29,1372
2017-11-30,8642
2017-12-01,7737
2017-12-02,0207
2017-12-03,6290
2017-12-04,3853
2017-12-05,1415
2017-12-06,1780
2017-12-07,1259
2017-12-08,3147
2017-12-09,5311
2017-12-10,7501
2017-12-11,7551
2017-12-12,7805
2017-12-13,4164
2017-12-14,7107
2017-12-15,0363
2017-12-16,0679
2017-12-17,1145
2017-12-18,3191
2017-12-19,4637
2017-12-20,1461
2017-12-21,7237
2017-12-22,0581
2017-12-23,1209
2017-12-24,3360
2017-12-25,6615
2017-12-26,1341
2017-12-27,1419
2017-12-28,3137
2017-12-29,2111
2017-12-30,5678
2017-12-31,3463
2018-01-01,1685
2018-01-02,5149
2018-01-03,3357
2018-01-04,5415
2018-01-05,4579
2018-01-06,3709
2018-01-07,3986
2018-01-08,1625
2018-01-09,8292
2018-01-10,9785
2018-01-11,6201
2018-01-12,1272
2018-01-13,3414
2018-01-14,5116
2018-01-15,6614
2018-01-16,4279
2018-01-17,8803
2018-01-18,0805
2018-01-19,5945
2018-01-20,7256
2018-01-21,3724
2018-01-22,4577
2018-01-23,9925
2018-01-24,8552
2018-01-25,7129
2018-01-26,5618
2018-01-27,1167
2018-01-28,6656
2018-01-29,2360
2018-01-30,2177
2018-01-31,6362
2018-02-01,0011
2018-02-02,2124
2018-02-03,8230
2018-02-04,4571
2018-02-05,8588
2018-02-06,8625
2018-02-07,6780
2018-02-08,9847
2018-02-09,5902
2018-02-10,6121
2018-02-11,2188
2018-02-12,1505
2018-02-13,2990
2018-02-14,3949
2018-02-15,8343
2018-02-16,3263
2018-02-17,1031
2018-02-18,4764
2018-02-19,9650
2018-02-20,6851
2018-02-21,8814
2018-02-22,3363
2018-02-23,6167
2018-02-24,2519
2018-02-25,3187
2018-02-26,5519
2018-02-27,1747
2018-02-28,8320
2018-03-01,2265
2018-03-02,7697
2018-03-03,7366
2018-03-04,0784
2018-03-05,1447
2018-03-06,5217
2018-03-07,4919
2018-03-08,5157
2018-03-09,0531
2018-03-10,5364
2018-03-11,0583
2018-03-12,3246
2018-03-13,2620
2018-03-14,5713
2018-03-15,2009
2018-03-16,9346
2018-03-17,1099
2018-03-18,4161
2018-03-19,2059
2018-03-20,1983
2018-03-21,8300
2018-03-22,7855
2018-03-23,7907
2018-03-24,0843
2018-03-25,2534
2018-03-26,9141
2018-03-27,7768
2018-03-28,4516
2018-03-29,6924
2018-03-30,4029
2018-03-31,9310
2018-04-01,8506
2018-04-02,0801
2018-04-03,8501
2018-04-04,1677
2018-04-05,3092
2018-04-06,1915
2018-04-07,4166
2018-04-08,0166
2018-04-09,4640
2018-04-10,9948
2018-04-11,8567
2018-04-12,0032
2018-04-13,6371
2018-04-14,3340
2018-04-15,3152
2018-04-16,5112
2018-04-17,7696
2018-04-18,8173
2018-04-19,3206
2018-04-20,8211
2018-04-21,1049
2018-04-22,2066
2018-04-23,9585
2018-04-24,1873
2018-04-25,3069
2018-04-26,6413
2018-04-27,5250
2018-04-28,9238
2018-04-29,9809
2018-04-30,1333
2018-05-01,1801
2018-05-02,8745
2018-05-03,4180
2018-05-04,7324
2018-05-05,9222
2018-05-06,9694
2018-05-07,8816
2018-05-08,5635
2018-05-09,5735
2018-05-10,5159
2018-05-11,8025
2018-05-12,6742
2018-05-13,9902
2018-05-14,3883
2018-05-15,7729
2018-05-16,0266
2018-05-17,0095
2018-05-18,2554
2018-05-19,1886
2018-05-20,1626
2018-05-21,9846
2018-05-22,6810
2018-05-23,1954
2018-05-24,1859
2018-05-25,8420
2018-05-26,7253
2018-05-27,3584
2018-05-28,9335
2018-05-29,9614
2018-05-30,7505
2018-05-31,6881
2018-06-01,2533
2018-06-02,1822
2018-06-03,4271
2018-06-04,3846
2018-06-05,3791
2018-06-06,0746
2018-06-07,9111
2018-06-08,3159
2018-06-09,7498
2018-06-10,1324
2018-06-11,3604
2018-06-12,1296
2018-06-13,7245
2018-06-14,5264
2018-06-15,1408
2018-06-16,2824
2018-06-17,6682
2018-06-18,1759
2018-06-19,4362
2018-06-20,4689
2018-06-21,9653
2018-06-22,9641
2018-06-23,5398
2018-06-24,8864
2018-06-25,5256
2018-06-26,3612
2018-06-27,6496
2018-06-28,6233
2018-06-29,8359
2018-06-30,1928
2018-07-01,6068
2018-07-02,2652
2018-07-03,3694
2018-07-04,2992
2018-07-05,4992
2018-07-06,5912
2018-07-07,3357
2018-07-08,1235
2018-07-09,8519
2018-07-10,1911
2018-07-11,5172
2018-07-12,7532
2018-07-13,1046
2018-07-14,4770
2018-07-15,7284
2018-07-16,0977
2018-07-17,3261
2018-07-18,4082
2018-07-19,2086
2018-07-20,0665
2018-07-21,4095
2018-07-22,4549
2018-07-23,1948
2018-07-24,2480
2018-07-25,5408
2018-07-26,0267
2018-07-27,5538
2018-07-28,7925
2018-07-29,2971
2018-07-30,3324
2018-07-31,1085
2018-08-01,4120
2018-08-02,1626
2018-08-03,4059
2018-08-04,3813
2018-08-05,2707
2018-08-06,4034
2018-08-07,2657
2018-08-08,7165
2018-08-09,2511
2018-08-10,9607
2018-08-11,3187
2018-08-12,9246
2018-08-13,6751
2018-08-14,2768
2018-08-15,8645
2018-08-16,0086
2018-08-17,8059
2018-08-18,8678
2018-08-19,5974
2018-08-20,8446
2018-08-21,3334
2018-08-22,9177
2018-08-23,0264
2018-08-24,2625
2018-08-25,0447
2018-08-26,3948
2018-08-27,8419
2018-08-28,1377
2018-08-29,0879
2018-08-30,2330
2018-08-31,1571
2018-09-01,3299
2018-09-02,5030
2018-09-03,6233
2018-09-04,2352
2018-09-05,7685
2018-09-06,6205
2018-09-07,3003
2018-09-08,5894
2018-09-09,1117
2018-09-10,9036
2018-09-11,5454
2018-09-12,0090
2018-09-13,6899
2018-09-14,8831
2018-09-15,0330
2018-09-16,5440
2018-09-17,1377
2018-09-18,5722
2018-09-19,9606
2018-09-20,2563
2018-09-21,6938
2018-09-22,9313
2018-09-23,8879
2018-09-24,9701
2018-09-25,0443
2018-09-26,2637
2018-09-27,5560
2018-09-28,2344
2018-09-29,5668
2018-09-30,1063
2018-10-01,2727
2018-10-02,5091
2018-10-03,4731
2018-10-04,3951
2018-10-05,4140
2018-10-06,3576
2018-10-07,6132
2018-10-08,7966
2018-10-09,2643
2018-10-10,5777
2018-10-11,1734
2018-10-12,7102
2018-10-13,7992
2018-10-14,5202
2018-10-15,0885
2018-10-16,5550
2018-10-17,1896
2018-10-18,7312
2018-10-19,2564
2018-10-20,8180
2018-10-21,7514
2018-10-22,5076
2018-10-23,4645
2018-10-24,4041
2018-10-25,0088
2018-10-26,7789
2018-10-27,7692
2018-10-28,4396
2018-10-29,9985
2018-10-30,8249
2018-10-31,1853
2018-11-01,5978
2018-11-02,0656
2018-11-03,5601
2018-11-04,8084
2018-11-05,8913
2018-11-06,6970
2018-11-07,2694
2018-11-08,1398
2018-11-09,0596
2018-11-10,8571
2018-11-11,8415
2018-11-12,6754
2018-11-13,8206
2018-11-14,2575
2018-11-15,2938
2018-11-16,1373
2018-11-17,2731
2018-11-18,2600
2018-11-19,4732
2018-11-20,1110
2018-11-21,8954
2018-11-22,2355
2018-11-23,5365
2018-11-24,3807
2018-11-25,4285
2018-11-26,1669
2018-11-27,3857
2018-11-28,1209
2018-11-29,9930
2018-11-30,6153
2018-12-01,9626
2018-12-02,1520
2018-12-03,5372
2018-12-04,9293
2018-12-05,1769
2018-12-06,2376
2018-12-07,4009
2018-12-08,2588
2018-12-09,7348
2018-12-10,9886
2018-12-11,1954
2018-12-12,0985
2018-12-13,1421
2018-12-14,7062
2018-12-15,2138
2018-12-16,4886
2018-12-17,6614
2018-12-18,4841
2018-12-19,4468
2018-12-20,0258
2018-12-21,9330
2018-12-22,9450
2018-12-23,4719
2018-12-24,6750
2018-12-25,3937
2018-12-26,7464
2018-12-27,4979
2018-12-28,0389
2018-12-29,3155
2018-12-30,0985
2018-12-31,6646
2019-01-01,3142
2019-01-02,7703
2019-01-03,9932
2019-01-04,4780
2019-01-05,5086
2019-01-06,1739
2019-01-07,1180
2019-01-08,1626
2019-01-09,2176
2019-01-10,0909
2019-01-11,1549
2019-01-12,3373
2019-01-13,4113
2019-01-14,9964
2019-01-15,9667
2019-01-16,1278
2019-01-17,5022
2019-01-18,3238
2019-01-19,9016
2019-01-20,6690
2019-01-21,0573
2019-01-22,2820
2019-01-23,1634
2019-01-24,8266
2019-01-25,4165
2019-01-26,2842
2019-01-27,2978
2019-01-28,6706
2019-01-29,8402
2019-01-30,4626
2019-01-31,8265
2019-02-01,7642
2019-02-02,2968
2019-02-03,5739
2019-02-04,0326
2019-02-05,4951
2019-02-06,1526
2019-02-07,9403
2019-02-08,2964
2019-02-09,1103
2019-02-10,9608
2019-02-11,8047
2019-02-12,6410
2019-02-13,9346
2019-02-14,7943
2019-02-15,1397
2019-02-16,7371
2019-02-17,1234
2019-02-18,9597
2019-02-19,1844
2019-02-20,7751
2019-02-21,0151
2019-02-22,1962
2019-02-23,1255
2019-02-24,5431
2019-02-25,9838
2019-02-26,3141
2019-02-27,2534
2019-02-28,8753
2019-03-01,3077
2019-03-02,3076
2019-03-03,0358
2019-03-04,9891
2019-03-05,3386
2019-03-06,3756
2019-03-07,8330
2019-03-08,8073
2019-03-09,5274
2019-03-10,9243
2019-03-11,7181
2019-03-12,3907
2019-03-13,8485
2019-03-14,5629
2019-03-15,8082
2019-03-16,1328
2019-03-17,5162
2019-03-18,7187
2019-03-19,6491
2019-03-20,3494
2019-03-21,8393
2019-03-22,0666
2019-03-23,1431
2019-03-24,5223
2019-03-25,5555
2019-03-26,0465
2019-03-27,0719
2019-03-28,6668
2019-03-29,7679
2019-03-30,0229
2019-03-31,9064
2019-04-01,4254
2019-04-02,7176
2019-04-03,3202
2019-04-04,2197
2019-04-05,4778
2019-04-06,3712
2019-04-07,4449
2019-04-08,9350
2019-04-09,9132
2019-04-10,8848
2019-04-11,2494
2019-04-12,7497
2019-04-13,0192
2019-04-14,8923
2019-04-15,3881
2019-04-16,3220
2019-04-17,6537
2019-04-18,6543
2019-04-19,4761
2019-04-20,1144
2019-04-21,4579
2019-04-22,4579
2019-04-23,1254
2019-04-24,4585
2019-04-25,8083
2019-04-26,3872
2019-04-27,5322
2019-04-28,7077
2019-04-29,3513
2019-04-30,9637
2019-05-01,5380
2019-05-02,8761
2019-05-03,4169
2019-05-04,7753
2019-05-05,4898
2019-05-06,2239
2019-05-07,6650
2019-05-08,6412
2019-05-09,5406
2019-05-10,4905
2019-05-11,8170
2019-05-12,0815
2019-05-13,7659
2019-05-14,3102
2019-05-15,8970
2019-05-16,7029
2019-05-17,0373
2019-05-18,5687
2019-05-19,4529
2019-05-20,8100
2019-05-21,2456
2019-05-22,2382
2019-05-23,3854
2019-05-24,5180
2019-05-25,1103
2019-05-26,7568
2019-05-27,7837
2019-05-28,4852
2019-05-29,9375
2019-05-30,9342
2019-05-31,6841
2019-06-01,7511
2019-06-02,0987
2019-06-03,0007
2019-06-04,7912
2019-06-05,1295
2019-06-06,2097
2019-06-07,1531
2019-06-08,5685
2019-06-09,8974
2019-06-10,3119
2019-06-11,3977
2019-06-12,0044
2019-06-13,7200
2019-06-14,8518
2019-06-15,8947
2019-06-16,1243
2019-06-17,7279
2019-06-18,6909
2019-06-19,4579
2019-06-20,4883
2019-06-21,1362
2019-06-22,3248
2019-06-23,3157
2019-06-24,9244
2019-06-25,5792
2019-06-26,9342
2019-06-27,9849
2019-06-28,9561
2019-06-29,0338
2019-06-30,8447
2019-07-01,0678
2019-07-02,7328
2019-07-03,4526
2019-07-04,3532
2019-07-05,1061
2019-07-06,8784
2019-07-07,4255
2019-07-08,8774
2019-07-09,1759
2019-07-10,5126
2019-07-11,4874
2019-07-12,4886
2019-07-13,6324
2019-07-14,2582
2019-07-15,1272
2019-07-16,0354
2019-07-17,1373
2019-07-18,4557
2019-07-19,3152
2019-07-20,5275
2019-07-21,0891
2019-07-22,3059
2019-07-23,7951
2019-07-24,6398
2019-07-25,5023
2019-07-26,9743
2019-07-27,3608
2019-07-28,9454
2019-07-29,9637
2019-07-30,3373
2019-07-31,0105
2019-08-01,6778
2019-08-02,9445
2019-08-03,9589
2019-08-04,3257
2019-08-05,5393
2019-08-06,7798
2019-08-07,1181
2019-08-08,2311
2019-08-09,8916
2019-08-10,3181
2019-08-11,4775
2019-08-12,8843
2019-08-13,0001
2019-08-14,4510
2019-08-15,9516
2019-08-16,3594
2019-08-17,0613
2019-08-18,4477
2019-08-19,3745
2019-08-20,2264
2019-08-21,0757
2019-08-22,5277
2019-08-23,2951
2019-08-24,5219
2019-08-25,6189
2019-08-26,7743
2019-08-27,1163
2019-08-28,0740
2019-08-29,4315
2019-08-30,2998
2019-08-31,8539
2019-09-01,0311
2019-09-02,6050
2019-09-03,2125
2019-09-04,1608
2019-09-05,5970
2019-09-06,1140
2019-09-07,6940
2019-09-08,5319
2019-09-09,3081
2019-09-10,5537
2019-09-11,2757
2019-09-12,1733
2019-09-13,5899
2019-09-14,6222
2019-09-15,5053
2019-09-16,6905
2019-09-17,5730
2019-09-18,5142
2019-09-19,1153
2019-09-20,3798
2019-09-21,9918
2019-09-22,8516
2019-09-23,5672
2019-09-24,3617
2019-09-25,2168
2019-09-26,8532
2019-09-27,4516
2019-09-28,0382
2019-09-29,7353
2019-09-30,3524
2019-10-01,6764
2019-10-02,8693
2019-10-03,5907
2019-10-04,7040
2019-10-05,8924
2019-10-06,7793
2019-10-07,2308
2019-10-08,9993
2019-10-09,0525
2019-10-10,7136
2019-10-11,9623
2019-10-12,6325
2019-10-13,2412
2019-10-14,8167
2019-10-15,3722
2019-10-16,9082
2019-10-17,2131
2019-10-18,7087
2019-10-19,4639
2019-10-20,1879
2019-10-21,9118
2019-10-22,0183
2019-10-23,8210
2019-10-24,7281
2019-10-25,8424
2019-10-26,1669
2019-10-27,4855
2019-10-28,3698
2019-10-29,8974
2019-10-30,6480
2019-10-31,5717
2019-11-01,6641
2019-11-02,7892
2019-11-03,3199
2019-11-04,5738
2019-11-05,1622
2019-11-06,8238
2019-11-07,5509
2019-11-08,8443
2019-11-09,9790
2019-11-10,1138
2019-11-11,6581
2019-11-12,6560
2019-11-13,0278
2019-11-14,1979
2019-11-15,6379
2019-11-16,7399
2019-11-17,9867
2019-11-18,0624
2019-11-19,7770
2019-11-20,5929
2019-11-21,7939
2019-11-22,9471
2019-11-23,5108
2019-11-24,8402
2019-11-25,7844
2019-11-26,9923
2019-11-27,0237
2019-11-28,0861
2019-11-29,8554
2019-11-30,1970
2019-12-01,2505
2019-12-02,1404
2019-12-03,5535
2019-12-04,5426
2019-12-05,9409
2019-12-06,8791
2019-12-07,0759
2019-12-08,7390
2019-12-09,9379
2019-12-10,5002
2019-12-11,9462
2019-12-12,1338
2019-12-13,0300
2019-12-14,1230
2019-12-15,4259
2019-12-16,8999
2019-12-17,3164
2019-12-18,3475
2019-12-19,9888
2019-12-20,3795
2019-12-21,9198
2019-12-22,0423
2019-12-23,2386
2019-12-24,6981
2019-12-25,5541
2019-12-26,0783
2019-12-27,0832
2019-12-28,5444
2019-12-29,7320
2019-12-30,7774
2019-12-31,7739
2020-01-01,5837
2020-01-02,5621
2020-01-03,0239
2020-01-04,1035
2020-01-05,7459
2020-01-06,6352
2020-01-07,9138
2020-01-08,5761
2020-01-09,3131
2020-01-10,6064
2020-01-11,6522
2020-01-12,5304
2020-01-13,4408
2020-01-14,7166
2020-01-15,9517
2020-01-16,0057
2020-01-17,4728
2020-01-18,9793
2020-01-19,8086
2020-01-20,5408
2020-01-21,8154
2020-01-22,7089
2020-01-23,6080
2020-01-24,7332
2020-01-25,9858
2020-01-26,7992
2020-01-27,3804
2020-01-28,3320
2020-01-29,0169
2020-01-30,6347
2020-01-31,6465
2020-02-01,1358
2020-02-02,7790
2020-02-03,7220
2020-02-04,0015
2020-02-05,0033
2020-02-06,9982
2020-02-07,2170
2020-02-08,3732
2020-02-09,5392
2020-02-10,2861
2020-02-11,7237
2020-02-12,7576
2020-02-13,7737
2020-02-14,4281
2020-02-15,9909
2020-02-16,7716
2020-02-17,5921
2020-02-18,0850
2020-02-19,2570
2020-02-20,0267
2020-02-21,5336
2020-02-22,6701
2020-02-23,1404
2020-02-24,6567
2020-02-25,5655
2020-02-26,1903
2020-02-27,6731
2020-02-28,2892
2020-02-29,6010
2020-03-01,5442
2020-03-02,1852
2020-03-03,1074
2020-03-04,7226
2020-03-05,2074
2020-03-06,6431
2020-03-07,7045
2020-03-08,7227
2020-03-09,3823
2020-03-10,9247
2020-03-11,3100
2020-03-12,5643
2020-03-13,1637
2020-03-14,9683
2020-03-15,4011
2020-03-16,5713
2020-03-17,4167
2020-03-18,5536
2020-03-19,9215
2020-03-20,2230
2020-03-21,3237
2020-03-22,0261
2020-03-23,4608
2020-03-24,9298
2020-03-25,6400
2020-03-26,3005
2020-03-27,2609
2020-03-28,2380
2020-03-29,2435
2020-03-30,3032
2020-03-31,9894
2020-04-01,2400
2020-04-02,6339
2020-04-03,1080
2020-04-04,7974
2020-04-05,8376
2020-04-06,1724
2020-04-07,5090
2020-04-08,5716
2020-04-09,6902
2020-04-10,2738
2020-04-11,5485
2020-04-12,5953
2020-04-13,2679
2020-04-14,0236
2020-04-15,2450
2020-04-16,9741
2020-04-17,4480
2020-04-18,1940
2020-04-19,2818
2020-04-20,0135
2020-04-21,1689
2020-04-22,7815
2020-04-23,5291
2020-04-24,6766
2020-04-25,8652
2020-04-26,0314
2020-04-27,2129
2020-04-28,3051
2020-04-29,4530
2020-04-30,5513
2020-05-01,4452
2020-05-02,2054
2020-05-03,0098
2020-05-04,9122
2020-05-05,0045
2020-05-06,9323
2020-05-07,1568
2020-05-08,6562
2020-05-09,3533
2020-05-10,7993
2020-05-11,5123
2020-05-12,1553
2020-05-13,9347
2020-05-14,0212
2020-05-15,9009
2020-05-16,1134
2020-05-17,3886
2020-05-18,1205
2020-05-19,3375
2020-05-20,9551
2020-05-21,2396
2020-05-22,9397
2020-05-23,0915
2020-05-24,1652
2020-05-25,5482
2020-05-26,8093
2020-05-27,3738
2020-05-28,9256
2020-05-29,3617
2020-05-30,4309
2020-05-31,2727
2020-06-01,0176
2020-06-02,0275
2020-06-03,6370
2020-06-04,5557
2020-06-05,4065
2020-06-06,2591
2020-06-07,5713
2020-06-08,8734
2020-06-09,9040
2020-06-10,7391
2020-06-11,2661
2020-06-12,2590
2020-06-13,0516
2020-06-14,8270
2020-06-15,7156
2020-06-16,1600
2020-06-17,2425
2020-06-18,7982
2020-06-19,8991
2020-06-20,2404
2020-06-21,9120
2020-06-22,4670
2020-06-23,5261
2020-06-24,0745
2020-06-25,0049
2020-06-26,0873
2020-06-27,7865
2020-06-28,0752
2020-06-29,9166
2020-06-30,8898
2020-07-01,6999
2020-07-02,6676
2020-07-03,9101
2020-07-04,7689
2020-07-05,4205
2020-07-06,6272
2020-07-07,0225
2020-07-08,1324
2020-07-09,3423
2020-07-10,2891
2020-07-11,7048
2020-07-12,1728
2020-07-13,5757
2020-07-14,3118
2020-07-15,1530
2020-07-16,8215
2020-07-17,8518
2020-07-18,7018
2020-07-19,2120
2020-07-20,8585
2020-07-21,6962
2020-07-22,8160
2020-07-23,2791
2020-07-24,6968
2020-07-25,2426
2020-07-26,1006
2020-07-27,7261
2020-07-28,6608
2020-07-29,9348
2020-07-30,6374
2020-07-31,9475
2020-08-01,6651
2020-08-02,3066
2020-08-03,7924
2020-08-04,4695
2020-08-05,7897
2020-08-06,1855
2020-08-07,2686
2020-08-08,9696
2020-08-09,5667
2020-08-10,8832
2020-08-11,7915
2020-08-12,3655
2020-08-13,4332
2020-08-14,0223
2020-08-15,4714
2020-08-16,0198
2020-08-17,1903
2020-08-18,5341
2020-08-19,1299
2020-08-20,9121
2020-08-21,3917
2020-08-22,2538
2020-08-23,1466
2020-08-24,6769
2020-08-25,5261
2020-08-26,5300
2020-08-27,2147
2020-08-28,7817
2020-08-29,2895
2020-08-30,4073
2020-08-31,6457
2020-09-01,1598
2020-09-02,3249
2020-09-03,5922
2020-09-04,1375
2020-09-05,8301
2020-09-06,8836
2020-09-07,3009
2020-09-08,4098
2020-09-09,3752
2020-09-10,9559
2020-09-11,2199
2020-09-12,2341
2020-09-13,3101
2020-09-14,4524
2020-09-15,2175
2020-09-16,6450
2020-09-17,7884
2020-09-18,0976
2020-09-19,1284
2020-09-20,5458
2020-09-21,4419
2020-09-22,0248
2020-09-23,6062
2020-09-24,6398
2020-09-25,6582
2020-09-26,6346
2020-09-27,9345
2020-09-28,0856
2020-09-29,7361
2020-09-30,0631
2020-10-01,2256
2020-10-02,4396
2020-10-03,0658
2020-10-04,3773
2020-10-05,2120
2020-10-06,6079
2020-10-07,4439
2020-10-08,9418
2020-10-09,5371
2020-10-10,2538
2020-10-11,6464
2020-10-12,6740
2020-10-13,5129
2020-10-14,6294
2020-10-15,8186
2020-10-16,1293
2020-10-17,0205
2020-10-18,9888
2020-10-19,1974
2020-10-20,4874
2020-10-21,4676
2020-10-22,6356
2020-10-23,4731
2020-10-24,9828
2020-10-25,7281
2020-10-26,0950
2020-10-27,4514
2020-10-28,0963
2020-10-29,7018
2020-10-30,4100
2020-10-31,8108
2020-11-01,7702
2020-11-02,3925
2020-11-03,6804
2020-11-04,5120
2020-11-05,4250
2020-11-06,9558
2020-11-07,4800
2020-11-08,0190
2020-11-09,1068
2020-11-10,1909
2020-11-11,1305
2020-11-12,9928
2020-11-13,3231
2020-11-14,3579
2020-11-15,8545
2020-11-16,2557
2020-11-17,6927
2020-11-18,4872
2020-11-19,8112
2020-11-20,4099
2020-11-21,2611
2020-11-22,4006
2020-11-23,5924
2020-11-24,8830
2020-11-25,1081
2020-11-26,9571
2020-11-27,9206
2020-11-28,1993
2020-11-29,2971
2020-11-30,6788
2020-12-01,6758
2020-12-02,5974
2020-12-03,8904
2020-12-04,9257
2020-12-05,5674
2020-12-06,8797
2020-12-07,0169
2020-12-08,2929
2020-12-09,5308
2020-12-10,6043
2020-12-11,7558
2020-12-12,2008
2020-12-13,8603
2020-12-14,4219
2020-12-15,7148
2020-12-16,1442
2020-12-17,8619
2020-12-18,2111
2020-12-19,7979
2020-12-20,9967
2020-12-21,7415
2020-12-22,7303
2020-12-23,8675
2020-12-24,9986
2020-12-25,1200
2020-12-26,2421
2020-12-27,9677
2020-12-28,2112
2020-12-29,9327
2020-12-30,6359
2020-12-31,0215
2021-01-01,4127
2021-01-02,7163
2021-01-03,2427
2021-01-04,1902
2021-01-05,6926
2021-01-06,2093
2021-01-07,1500
2021-01-08,8652
2021-01-09,9214
2021-01-10,4353
2021-01-11,0473
2021-01-12,0816
2021-01-13,0228
2021-01-14,7955
2021-01-15,9259
2021-01-16,1366
2021-01-17,7521
2021-01-18,1245
2021-01-19,8594
2021-01-20,4130
2021-01-21,5748
2021-01-22,2641
2021-01-23,6990
2021-01-24,5602
2021-01-25,7877
2021-01-26,0772
2021-01-27,5030
2021-01-28,9377
2021-01-29,1794
2021-01-30,3869
2021-01-31,6792
2021-02-01,1227
2021-02-02,0206
2021-02-03,6181
2021-02-04,5658
2021-02-05,6537
2021-02-06,4025
2021-02-07,2182
2021-02-08,5850
2021-02-09,7271
2021-02-10,9802
2021-02-11,0411
2021-02-12,8272
2021-02-13,7187
2021-02-14,7044
2021-02-15,5745
2021-02-16,0983
2021-02-17,6418
2021-02-18,5272
2021-02-19,2025
2021-02-20,1508
2021-02-21,8458
2021-02-22,0634
2021-02-23,7276
2021-02-24,3394
2021-02-25,1803
2021-02-26,9844
2021-02-27,9539
2021-02-28,8826
2021-03-01,4825
2021-03-02,9059
2021-03-03,0927
2021-03-04,1600
2021-03-05,2973
2021-03-06,9994
2021-03-07,6994
2021-03-08,3006
2021-03-09,2907
2021-03-10,9496
2021-03-11,8195
2021-03-12,7609
2021-03-13,3558
2021-03-14,8899
2021-03-15,5680
2021-03-16,7346
2021-03-17,9424
2021-03-18,5329
2021-03-19,9394
2021-03-20,9278
2021-03-21,2960
2021-03-22,6267
2021-03-23,1278
2021-03-24,9323
2021-03-25,4651
2021-03-26,9409
2021-03-27,1713
2021-03-28,9347
2021-03-29,1241
2021-03-30,2314
2021-03-31,1183
2021-04-01,9729
2021-04-02,3942
2021-04-03,4284
2021-04-04,2735
2021-04-05,3222
2021-04-06,4074
2021-04-07,4703
2021-04-08,7330
2021-04-09,8734
2021-04-10,7643
2021-04-11,3167
2021-04-12,6226
2021-04-13,5435
2021-04-14,2181
2021-04-15,6053
2021-04-16,3729
2021-04-17,3137
2021-04-18,4267
2021-04-19,6007
2021-04-20,4450
2021-04-21,7683
2021-04-22,8410
2021-04-23,0001
2021-04-24,5759
2021-04-25,9509
2021-04-26,5196
2021-04-27,5970
2021-04-28,7072
2021-04-29,7257
2021-04-30,0497
2021-05-01,2284
2021-05-02,1867
2021-05-03,9557
2021-05-04,3696
2021-05-05,4189
2021-05-06,5171
2021-05-07,5980
2021-05-08,2263
2021-05-09,6817
2021-05-10,3174
2021-05-11,5214
2021-05-12,5838
2021-05-13,7071
2021-05-14,9770
2021-05-15,5160
2021-05-16,1011
2021-05-17,7423
2021-05-18,8552
2021-05-19,9797
2021-05-20,1061
2021-05-21,7180
2021-05-22,1361
2021-05-23,1661
2021-05-24,3509
2021-05-25,8967
2021-05-26,7351
2021-05-27,0532
2021-05-28,8711
2021-05-29,7664
2021-05-30,7274
2021-05-31,8259
2021-06-01,3502
2021-06-02,3846
2021-06-03,1582
2021-06-04,3711
2021-06-05,3777
2021-06-06,7394
2021-06-07,8766
2021-06-08,6193
2021-06-09,4065
2021-06-10,0033
2021-06-11,9383
2021-06-12,6293
2021-06-13,9998
2021-06-14,2760
2021-06-15,1095
2021-06-16,1261
2021-06-17,4320
2021-06-18,7953
2021-06-19,1185
2021-06-20,2597
2021-06-21,6542
2021-06-22,1154
2021-06-23,4756
2021-06-24,6523
2021-06-25,2119
2021-06-26,1579
2021-06-27,7394
2021-06-28,0512
2021-06-29,5589
2021-06-30,4307
2021-07-01,8860
2021-07-02,0628
2021-07-03,1865
2021-07-04,6515
2021-07-05,8190
2021-07-06,8833
2021-07-07,1743
2021-07-08,4033
2021-07-09,3195
2021-07-10,2292
2021-07-11,7304
2021-07-12,4456
2021-07-13,3024
2021-07-14,7258
2021-07-15,7084
2021-07-16,9690
2021-07-17,3421
2021-07-18,5885
2021-07-19,3599
2021-07-20,7905
2021-07-21,6595
2021-07-22,5349
2021-07-23,3474
2021-07-24,8804
2021-07-25,7609
2021-07-26,4244
2021-07-27,6566
2021-07-28,2453
2021-07-29,4388
2021-07-30,6877
2021-07-31,8879
2021-08-01,9892
2021-08-02,8324
2021-08-03,0052
2021-08-04,1009
2021-08-05,0795
2021-08-06,8839
2021-08-07,5229
2021-08-08,7718
2021-08-09,4189
2021-08-10,9693
2021-08-11,3581
2021-08-12,5709
2021-08-13,3105
2021-08-14,2852
2021-08-15,4467
2021-08-16,4465
2021-08-17,8394
2021-08-18,7876
2021-08-19,2053
2021-08-20,2746
2021-08-21,4670
2021-08-22,1792
2021-08-23,5742
2021-08-24,7043
2021-08-25,2038
2021-08-26,6377
2021-08-27,3302
2021-08-28,7964
2021-08-29,8089
2021-08-30,1254
2021-08-31,3219
2021-09-01,9428
2021-09-02,4454
2021-09-03,7808
2021-09-04,3510
2021-09-05,2146
2021-09-06,2510
2021-09-07,1216
2021-09-08,6659
2021-09-09,4970
2021-09-10,3867
2021-09-11,3127
2021-09-12,3813
2021-09-13,0136
2021-09-14,4918
2021-09-15,8552
2021-09-16,5955
2021-09-17,2536
2021-09-18,6767
2021-09-19,0184
2021-09-20,9116
2021-09-21,2371
2021-09-22,0304
2021-09-23,9135
2021-09-24,5935
2021-09-25,2515
2021-09-26,5398
2021-09-27,5290
2021-09-28,8339
2021-09-29,8895
2021-09-30,0306
2021-10-01,5208
2021-10-02,2654
2021-10-03,8554
2021-10-04,4620
2021-10-05,4218
2021-10-06,7313
2021-10-07,8198
2021-10-08,7978
2021-10-09,1696
2021-10-10,1561
2021-10-11,1631
2021-10-12,9795
2021-10-13,8772
2021-10-14,9069
2021-10-15,7950
2021-10-16,2434
2021-10-17,4197
2021-10-18,0516
2021-10-19,5377
2021-10-20,8445
2021-10-21,4994
2021-10-22,0352
2021-10-23,1333
2021-10-24,5153
2021-10-25,2104
2021-10-26,8240
2021-10-27,2086
2021-10-28,9274
2021-10-29,5958
2021-10-30,2471
2021-10-31,7566
2021-11-01,0359
2021-11-02,2354
2021-11-03,1171
2021-11-04,7700
2021-11-05,0887
2021-11-06,1598
2021-11-07,0794
2021-11-08,6080
2021-11-09,5162
2021-11-10,9651
2021-11-11,1372
2021-11-12,2653
2021-11-13,4387
2021-11-14,9922
2021-11-15,9413
2021-11-16,4638
2021-11-17,3411
2021-11-18,7746
2021-11-19,1844
2021-11-20,2522
2021-11-21,6827
2021-11-22,1638
2021-11-23,7156
2021-11-24,3173
2021-11-25,7742
2021-11-26,6016
2021-11-27,5774
2021-11-28,4001
2021-11-29,7647
2021-11-30,1990
2021-12-01,1239
2021-12-02,0106
2021-12-03,5126
2021-12-04,4031
2021-12-05,9050
2021-12-06,3293
2021-12-07,0403
2021-12-08,5482
2021-12-09,3483
2021-12-10,9373
2021-12-11,1243
2021-12-12,4613
2021-12-13,7667
2021-12-14,9332
2021-12-15,4501
2021-12-16,8642
2021-12-17,5177
2021-12-18,2609
2021-12-19,1331
2021-12-20,1306
2021-12-21,3044
2021-12-22,9684
2021-12-23,2380
2021-12-24,5852
2021-12-25,0952
2021-12-26,5287
2021-12-27,9487
2021-12-28,4591
2021-12-29,0297
2021-12-30,9169
2021-12-31,4894
2022-01-01,5304
2022-01-02,1299
2022-01-03,1460
2022-01-04,4772
2022-01-05,5229
2022-01-06,9123
2022-01-07,2462
2022-01-08,6003
2022-01-09,8247
2022-01-10,1695
2022-01-11,8369
2022-01-12,5906
2022-01-13,7273
2022-01-14,8013
2022-01-15,9542
2022-01-16,8797
2022-01-17,8308
2022-01-18,7117
2022-01-19,8944
2022-01-20,9604
2022-01-21,5116
2022-01-22,1206
2022-01-23,1363
2022-01-24,3042
2022-01-25,8788
2022-01-26,0123
2022-01-27,5021
2022-01-28,2550
2022-01-29,9774
2022-01-30,1250
2022-01-31,4215
2022-02-01,7599
2022-02-02,9992
2022-02-03,9240
2022-02-04,9828
2022-02-05,7943
2022-02-06,2814
2022-02-07,2219
2022-02-08,6253
2022-02-09,6415
2022-02-10,2946
2022-02-11,7548
2022-02-12,4150
2022-02-13,2328
2022-02-14,1358
2022-02-15,1324
2022-02-16,1296
2022-02-17,9894
2022-02-18,9328
2022-02-19,3159
2022-02-20,6477
2022-02-21,6755
2022-02-22,1011
2022-02-23,6839
2022-02-24,7313
2022-02-25,3058
2022-02-26,9827
2022-02-27,5171
2022-02-28,0727
2022-03-01,7951
2022-03-02,1435
2022-03-03,0283
2022-03-04,9789
2022-03-05,9887
2022-03-06,9283
2022-03-07,4744
2022-03-08,0279
2022-03-09,7639
2022-03-10,7222
2022-03-11,9786
2022-03-12,2512
2022-03-13,9138
2022-03-14,5868
2022-03-15,8364
2022-03-16,6279
2022-03-17,9848
2022-03-18,8504
2022-03-19,5879
2022-03-20,6952
2022-03-21,2016
2022-03-22,6081
2022-03-23,8797
2022-03-24,2327
2022-03-25,5503
2022-03-26,3422
2022-03-27,3928
2022-03-28,0249
2022-03-29,5343
2022-03-30,4525
2022-03-31,8682
2022-04-01,5998
2022-04-02,1214
2022-04-03,4356
2022-04-04,8759
2022-04-05,1716
2022-04-06,6313
2022-04-07,1027
2022-04-08,6891
2022-04-09,5549
2022-04-10,2164
2022-04-11,9458
2022-04-12,3500
2022-04-13,2537
2022-04-14,3265
2022-04-15,7844
2022-04-16,0933
2022-04-17,0539
2022-04-18,3624
2022-04-19,5103
2022-04-20,4574
2022-04-21,9137
2022-04-22,6653
2022-04-23,7374
2022-04-24,7699
2022-04-25,9586
2022-04-26,1167
2022-04-27,8742
2022-04-28,8016
2022-04-29,5942
2022-04-30,4181
2022-05-01,2274
2022-05-02,8113
2022-05-03,2371
2022-05-04,0885
2022-05-05,7974
2022-05-06,6611
2022-05-07,6609
2022-05-08,5284
2022-05-09,2497
2022-05-10,5759
2022-05-11,9509
2022-05-12,5196
2022-05-13,5970
2022-05-14,7072
2022-05-15,7257
2022-05-16,0497
2022-05-17,2284
2022-05-18,1867
2022-05-19,9557
2022-05-20,3696
2022-05-21,4189
2022-05-22,5171
2022-05-23,5980
2022-05-24,2263
2022-05-25,6817
2022-05-26,3174
2022-05-27,5214
2022-05-28,5838
2022-05-29,7071
2022-05-30,9770
2022-05-31,5160
2022-06-01,1011
2022-06-02,7423
2022-06-03,8552
2022-06-04,9797
2022-06-05,1061
2022-06-06,7180
2022-06-07,1361
2022-06-08,1661
2022-06-09,3509
2022-06-10,8967
2022-06-11,7351
2022-06-12,0532
2022-06-13,8711
2022-06-14,7664
2022-06-15,7274
2022-06-16,8259
2022-06-17,3502
2022-06-18,3846
2022-06-19,1582
2022-06-20,3711
2022-06-21,3777
2022-06-22,7394
2022-06-23,8766
2022-06-24,6193
2022-06-25,4065
2022-06-26,0033
2022-06-27,9383
2022-06-28,6293
2022-06-29,9998
2022-06-30,2760
2022-07-01,1095
2022-07-02,1261
2022-07-03,4320
2022-07-04,7953
2022-07-05,1185
2022-07-06,2597
2022-07-07,6542
2022-07-08,1154
2022-07-09,4756
2022-07-10,6523
2022-07-11,2119
2022-07-12,1579
2022-07-13,7394
2022-07-14,0512
2022-07-15,5589
2022-07-16,4307
2022-07-17,8860
2022-07-18,0628
2022-07-19,1865
2022-07-20,6515
2022-07-21,8190
2022-07-22,8833
2022-07-23,1743
2022-07-24,4033
2022-07-25,3195
2022-07-26,2292
2022-07-27,7304
2022-07-28,4456
2022-07-29,3024
2022-07-30,7258
2022-07-31,7084
2022-08-01,9690
2022-08-02,3421
2022-08-03,5885
2022-08-04,3599
2022-08-05,7905
2022-08-06,6595
2022-08-07,5349
2022-08-08,3474
2022-08-09,8804
2022-08-10,7609
2022-08-11,4244
2022-08-12,6566
2022-08-13,2453
2022-08-14,4388
2022-08-15,6877
2022-08-16,8879
2022-08-17,9892
2022-08-18,8324
2022-08-19,0052
2022-08-20,1009
2022-08-21,0795
2022-08-22,8839
2022-08-23,5229
2022-08-24,7718
2022-08-25,4189
2022-08-26,9693
2022-08-27,3581
2022-08-28,5709
2022-08-29,3105
2022-08-30,2852
2022-08-31,4467
2022-09-01,4465
2022-09-02,8394
2022-09-03,7876
2022-09-04,2053
2022-09-05,2746
2022-09-06,4670
2022-09-07,1792
2022-09-08,5742
2022-09-09,7043
2022-09-10,2038
2022-09-11,6377
2022-09-12,3302
2022-09-13,7964
2022-09-14,8089
2022-09-15,1254
2022-09-16,3219
2022-09-17,9428
2022-09-18,4454
2022-09-19,7808
2022-09-20,3510
2022-09-21,2146
2022-09-22,2510
2022-09-23,1216
2022-09-24,6659
2022-09-25,4970
2022-09-26,3867
2022-09-27,3127
2022-09-28,3813
2022-09-29,0136
2022-09-30,4918
2022-10-01,8552
2022-10-02,5955
2022-10-03,2536
2022-10-04,6767
2022-10-05,0184
2022-10-06,9116
2022-10-07,2371
2022-10-08,0304
2022-10-09,9135
2022-10-10,5935
2022-10-11,2515
2022-10-12,5398
2022-10-13,5290
2022-10-14,8339
2022-10-15,8895
2022-10-16,0306
2022-10-17,5208
2022-10-18,2654
2022-10-19,8554
2022-10-20,4620
2022-10-21,4218
2022-10-22,7313
2022-10-23,8198
2022-10-24,7978
2022-10-25,1696
2022-10-26,1561
2022-10-27,1631
2022-10-28,9795
2022-10-29,8772
2022-10-30,9069
2022-10-31,7950
2022-11-01,2434
2022-11-02,4197
2022-11-03,0516
2022-11-04,5377
2022-11-05,8445
2022-11-06,4994
2022-11-07,0352
2022-11-08,1333
2022-11-09,5153
2022-11-10,2104
2022-11-11,8240
2022-11-12,2086
2022-11-13,9274
2022-11-14,5958
2022-11-15,2471
2022-11-16,7566
2022-11-17,0359
2022-11-18,2354
2022-11-19,1171
2022-11-20,7700
2022-11-21,0887
2022-11-22,1598
2022-11-23,0794
2022-11-24,6080
2022-11-25,5162
2022-11-26,9651
2022-11-27,1372
2022-11-28,2653
2022-11-29,4387
2022-11-30,9922
2022-12-01,9413
2022-12-02,4638
2022-12-03,3411
2022-12-04,7746
2022-12-05,1844
2022-12-06,2522
2022-12-07,6827
2022-12-08,1638
2022-12-09,7156
2022-12-10,3173
2022-12-11,7742
2022-12-12,6016
2022-12-13,5774
2022-12-14,4001
2022-12-15,7647
2022-12-16,1990
2022-12-17,1239
2022-12-18,0106
2022-12-19,5126
2022-12-20,4031
2022-12-21,9050
2022-12-22,3293
2022-12-23,0403
2022-12-24,5482
2022-12-25,3483
2022-12-26,9373
2022-12-27,1243
2022-12-28,4613
2022-12-29,7667
2022-12-30,9332
2022-12-31,4501
2023-01-01,8642
2023-01-02,5177
2023-01-03,2609
2023-01-04,1331
2023-01-05,1306
2023-01-06,3044
2023-01-07,9684
2023-01-08,2380
2023-01-09,5852
2023-01-10,0952
2023-01-11,5287
2023-01-12,9487
2023-01-13,4591
2023-01-14,0297
2023-01-15,9169
2023-01-16,4894
2023-01-17,5304
2023-01-18,1299
2023-01-19,1460
2023-01-20,4772
2023-01-21,5229
2023-01-22,9123
2023-01-23,2462
2023-01-24,6003
2023-01-25,8247
2023-01-26,1695
2023-01-27,8369
2023-01-28,5906
2023-01-29,7273
2023-01-30,8013
2023-01-31,9542
2023-02-01,8797
2023-02-02,8308
2023-02-03,7117
2023-02-04,8944
2023-02-05,9604
2023-02-06,5116
2023-02-07,1206
2023-02-08,1363
2023-02-09,3042
2023-02-10,8788
2023-02-11,0123
2023-02-12,5021
2023-02-13,2550
2023-02-14,9774
2023-02-15,1250
2023-02-16,4215
2023-02-17,7599
2023-02-18,9992
2023-02-19,9240
2023-02-20,9828
2023-02-21,7943
2023-02-22,2814
2023-02-23,2219
2023-02-24,6253
2023-02-25,6415
2023-02-26,2946
2023-02-27,7548
2023-02-28,4150
2023-03-01,2328
2023-03-02,1358
2023-03-03,1324
2023-03-04,1296
2023-03-05,9894
2023-03-06,9328
2023-03-07,3159
2023-03-08,6477
2023-03-09,6755
2023-03-10,1011
2023-03-11,6839
2023-03-12,7313
2023-03-13,3058
2023-03-14,9827
2023-03-15,5171
2023-03-16,0727
2023-03-17,7951
2023-03-18,1435
2023-03-19,0283
2023-03-20,9789
2023-03-21,9887
2023-03-22,9283
2023-03-23,4744
2023-03-24,0279
2023-03-25,7639
2023-03-26,7222
2023-03-27,9786
2023-03-28,2512
2023-03-29,9138
2023-03-30,5868
2023-03-31,8364
2023-04-01,6279
2023-04-02,9848
2023-04-03,8504
2023-04-04,5879
2023-04-05,6952
2023-04-06,2016
2023-04-07,6081
2023-04-08,8797
2023-04-09,2327
2023-04-10,5503
2023-04-11,3422
2023-04-12,3928
2023-04-13,0249
2023-04-14,5343
2023-04-15,4525
2023-04-16,8682
2023-04-17,5998
2023-04-18,1214
2023-04-19,4356
2023-04-20,8759
2023-04-21,1716
2023-04-22,6313
2023-04-23,1027
2023-04-24,6891
2023-04-25,5549
2023-04-26,2164
2023-04-27,9458
2023-04-28,3500
2023-04-29,2537
2023-04-30,3265
2023-05-01,7844
2023-05-02,0933
2023-05-03,0539
2023-05-04,3624
2023-05-05,5103
2023-05-06,4574
2023-05-07,9137
2023-05-08,6653
2023-05-09,7374
2023-05-10,7699
2023-05-11,9586
2023-05-12,1167
2023-05-13,8742
2023-05-14,8016
2023-05-15,5942
2023-05-16,4181
2023-05-17,2274
2023-05-18,8113
2023-05-19,2371
2023-05-20,0885
2023-05-21,7974
2023-05-22,6611
2023-05-23,6609
2023-05-24,5284
2023-05-25,2497
2023-05-26,5759
2023-05-27,2011
2023-05-28,9673
2023-05-29,1242
2023-05-30,3589
2023-05-31,5048
2023-06-01,9107
2023-06-02,1626
2023-06-03,3020
2023-06-04,7859
2023-06-05,6050
2023-06-06,5569
2023-06-07,4135
2023-06-08,7452
2023-06-09,9276
2023-06-10,5698
2023-06-11,4911
2023-06-12,3838
2023-06-13,2728
2023-06-14,1714
2023-06-15,6083
2023-06-16,9700
2023-06-17,9818
2023-06-18,1488
2023-06-19,2466
2023-06-20,6317
2023-06-21,2335
2023-06-22,2306
2023-06-23,6309
2023-06-24,3139
2023-06-25,6688
2023-06-26,2393
2023-06-27,6684
2023-06-28,3662
2023-06-29,9609
2023-06-30,4547
2023-07-01,2307
2023-07-02,9786
2023-07-03,4872
2023-07-04,0079
2023-07-05,3747
2023-07-06,0825
2023-07-07,5103
2023-07-08,5973
2023-07-09,3716
2023-07-10,4168
2023-07-11,4985
2023-07-12,0175
2023-07-13,1192
2023-07-14,9992
2023-07-15,0100
2023-07-16,8960
2023-07-17,5619
2023-07-18,9762
2023-07-19,1440
2023-07-20,5582
2023-07-21,3345
2023-07-22,5970
2023-07-23,4034
2023-07-24,0732
2023-07-25,6807
2023-07-26,6634
2023-07-27,5006
2023-07-28,9940
2023-07-29,9086
2023-07-30,6132
2023-07-31,9795
2023-08-01,4602
2023-08-02,9118
2023-08-03,2507
2023-08-04,1545
2023-08-05,9207
2023-08-06,9165
2023-08-07,3060
2023-08-08,7973
2023-08-09,4429
2023-08-10,9986
2023-08-11,5746
2023-08-12,3108
2023-08-13,0806
2023-08-14,2362
2023-08-15,4196
2023-08-16,9948
2023-08-17,3641
2023-08-18,9947
2023-08-19,1907
2023-08-20,2343
2023-08-21,8613
2023-08-22,0338
2023-08-23,6927
2023-08-24,5168
2023-08-25,6351
2023-08-26,8100
2023-08-27,8471
2023-08-28,7921
2023-08-29,5388
2023-08-30,8961
2023-08-31,0842
2023-09-01,0903
2023-09-02,9858
2023-09-03,2693
2023-09-04,1513
2023-09-05,7926
2023-09-06,6784
2023-09-07,2203
2023-09-08,5573
2023-09-09,0125
2023-09-10,7297
2023-09-11,6318
2023-09-12,4532
2023-09-13,5109
2023-09-14,1048
2023-09-15,4719
2023-09-16,6005
2023-09-17,5169
2023-09-18,5154
2023-09-19,4941
2023-09-20,5127
2023-09-21,9044
2023-09-22,6763
2023-09-23,6141
2023-09-24,8739
2023-09-25,2715
2023-09-26,6238
2023-09-27,5767
2023-09-28,3405
2023-09-29,5518
2023-09-30,4591
2023-10-01,8152
2023-10-02,3768
2023-10-03,3083
2023-10-04,9598
2023-10-05,8318
2023-10-06,7549
2023-10-07,4675
2023-10-08,3376
2023-10-09,3361
2023-10-10,1863
2023-10-11,3698
2023-10-12,0853
2023-10-13,8549
2023-10-14,4317
2023-10-15,2579
2023-10-16,3737
2023-10-17,7582
2023-10-18,3532
2023-10-19,1704
2023-10-20,4408
2023-10-21,0363
2023-10-22,4189
2023-10-23,5733
2023-10-24,1357
2023-10-25,3405
2023-10-26,9036
2023-10-27,9699
2023-10-28,3217
2023-10-29,4318
2023-10-30,5774
2023-10-31,5810
2023-11-01,2332
2023-11-02,4776
2023-11-03,8234
2023-11-04,3229
2023-11-05,8853
2023-11-06,5796
2023-11-07,7073
2023-11-08,9055
2023-11-09,0253
2023-11-10,5882
2023-11-11,3770
2023-11-12,0314
2023-11-13,4134
2023-11-14,1198
2023-11-15,3964
2023-11-16,6474
2023-11-17,3507
2023-11-18,4700
2023-11-19,5888
2023-11-20,6612
2023-11-21,1037
2023-11-22,1781
2023-11-23,5596
2023-11-24,0029
2023-11-25,5172
2023-11-26,8439
2023-11-27,1455
2023-11-28,0512
2023-11-29,4774
2023-11-30,4670
2023-12-01,3874
2023-12-02,2856
2023-12-03,0066
2023-12-04,5758
2023-12-05,4393
2023-12-06,7966
2023-12-07,2271
2023-12-08,3236
2023-12-09,5364
2023-12-10,6032
2023-12-11,6290
2023-12-12,7264
2023-12-13,0182
2023-12-14,7089
2023-12-15,6709
2023-12-16,9010
2023-12-17,3899
2023-12-18,1562
2023-12-19,5682
2023-12-20,8124
2023-12-21,0793
2023-12-22,9501
2023-12-23,7747
2023-12-24,0170
2023-12-25,1301
2023-12-26,6036
2023-12-27,3928
2023-12-28,8648
2023-12-29,7095
2023-12-30,4693
2023-12-31,9272
2024-01-01,7871
2024-01-02,8178
2024-01-03,9516
2024-01-04,3174
2024-01-05,4870
2024-01-06,4744
2024-01-07,4383
2024-01-08,2298
2024-01-09,4751
2024-01-10,1579
2024-01-11,7221
2024-01-12,8315
2024-01-13,9363
2024-01-14,9962
2024-01-15,6530
2024-01-16,7027
2024-01-17,5199
2024-01-18,9888
2024-01-19,2959
2024-01-20,3859
2024-01-21,2523
2024-01-22,7393
2024-01-23,0957
2024-01-24,6587
2024-01-25,9023
2024-01-26,1355
2024-01-27,5845
2024-01-28,6983
2024-01-29,6504
2024-01-30,1891
2024-01-31,2652
2024-02-01,2570
2024-02-02,5951
2024-02-03,3347
2024-02-04,1976
2024-02-05,7116
2024-02-06,5792
2024-02-07,2349
2024-02-08,7918
2024-02-09,7027
2024-02-10,0022
2024-02-11,8639
2024-02-12,9360
2024-02-13,8742
2024-02-14,9837
2024-02-15,9595
2024-02-16,7292
2024-02-17,9400
2024-02-18,4374
2024-02-19,9954
2024-02-20,7330
2024-02-21,7374
2024-02-22,3758
2024-02-23,1291
2024-02-24,6366
2024-02-25,2792
2024-02-26,9474
2024-02-27,2924
2024-02-28,9450
2024-02-29,8158
2024-03-01,4612
2024-03-02,9474
2024-03-03,5101
2024-03-04,8340
2024-03-05,8200
2024-03-06,6505
2024-03-07,9652
2024-03-08,8056
2024-03-09,7469
2024-03-10,2005
2024-03-11,3285
2024-03-12,1480
2024-03-13,6650
2024-03-14,9469
2024-03-15,7011
2024-03-16,6707
2024-03-17,3711
2024-03-18,5227
2024-03-19,7923
2024-03-20,2712
2024-03-21,7616
2024-03-22,9103
2024-03-23,4613
2024-03-24,3128
2024-03-25,7906
2024-03-26,0343
2024-03-27,9538
2024-03-28,3177
2024-03-29,5086
2024-03-30,2102
2024-03-31,7896
2024-04-01,7771
2024-04-02,8009
2024-04-03,7106
2024-04-04,6941
2024-04-05,2366
2024-04-06,1106
2024-04-07,6812
2024-04-08,1789
2024-04-09,2190
2024-04-10,5440
2024-04-11,7539
2024-04-12,9313
2024-04-13,7623
2024-04-14,3213
2024-04-15,3322
2024-04-16,9470
2024-04-17,1634
2024-04-18,2888
2024-04-19,2589
2024-04-20,7290
2024-04-21,9942
2024-04-22,5561
2024-04-23,6439
2024-04-24,6552
2024-04-25,5178
2024-04-26,7940
2024-04-27,2468
2024-04-28,2011
2024-04-29,2106
2024-04-30,8032
2024-05-01,1229
2024-05-02,6607
2024-05-03,3838
2024-05-04,8791
2024-05-05,7756
2024-05-06,6556
2024-05-07,2202
2024-05-08,9488
2024-05-09,6189
2024-05-10,2716
2024-05-11,9326
2024-05-12,0987
2024-05-13,3713
2024-05-14,0018
2024-05-15,6284
2024-05-16,9834
2024-05-17,8896
2024-05-18,2950
2024-05-19,4231
2024-05-20,8036
2024-05-21,8260
2024-05-22,1633
2024-05-23,1459
2024-05-24,5157
2024-05-25,7629
2024-05-26,1412
2024-05-27,7079
2024-05-28,6149
2024-05-29,0643
2024-05-30,9587
2024-05-31,3565
2024-06-01,2990
2024-06-02,3380
2024-06-03,7278
2024-06-04,9165
2024-06-05,9312
2024-06-06,8114
2024-06-07,4803
2024-06-08,1625
2024-06-09,3898
2024-06-10,8361
2024-06-11,2421
2024-06-12,6796
2024-06-13,4933
2024-06-14,5619
2024-06-15,4592
2024-06-16,1260
2024-06-17,5336
2024-06-18,8032
2024-06-19,7964
2024-06-20,5969
2024-06-21,7029
2024-06-22,5969
2024-06-23,6658
2024-06-24,0717
2024-06-25,4847
2024-06-26,8347
2024-06-27,6581
2024-06-28,5343
2024-06-29,0975
2024-06-30,8108
2024-07-01,4096
2024-07-02,3150
2024-07-03,7687
2024-07-04,1159
2024-07-05,0057
2024-07-06,5641
2024-07-07,8832
2024-07-08,2724
2024-07-09,1403
2024-07-10,8348
2024-07-11,5775
2024-07-12,1873
2024-07-13,9291
2024-07-14,5883
2024-07-15,6506
2024-07-16,9460
2024-07-17,7983
2024-07-18,9179
2024-07-19,1422
2024-07-20,1263
2024-07-21,2715
2024-07-22,3099
2024-07-23,8527
2024-07-24,2067
2024-07-25,2711
2024-07-26,0779
2024-07-27,2815
2024-07-28,3226
2024-07-29,7968
2024-07-30,2757
2024-07-31,1796
2024-08-01,4573
2024-08-02,4232
2024-08-03,8287
2024-08-04,6170
2024-08-05,2743
2024-08-06,6317
2024-08-07,3852
2024-08-08,1130
2024-08-09,2405
2024-08-10,2719
2024-08-11,3280
2024-08-12,2636
2024-08-13,3320
2024-08-14,0899
2024-08-15,9949
2024-08-16,9171
2024-08-17,0741
2024-08-18,0987
2024-08-19,6872
2024-08-20,3700
2024-08-21,1578
2024-08-22,2397
2024-08-23,4903
2024-08-24,6918
2024-08-25,3139
2024-08-26,6552
2024-08-27,2821
2024-08-28,6952
2024-08-29,4959
2024-08-30,1943
2024-08-31,7841
2024-09-01,3504
2024-09-02,6977
2024-09-03,3346
2024-09-04,0610
2024-09-05,4490
2024-09-06,2056
2024-09-07,4219
2024-09-08,6134
2024-09-09,8739
2024-09-10,1743
2024-09-11,4050
2024-09-12,9975
2024-09-13,6952
2024-09-14,4890
2024-09-15,1126
2024-09-16,3685
2024-09-17,6959
2024-09-18,1750
2024-09-19,2437
2024-09-20,1857
2024-09-21,5161
2024-09-22,9059
2024-09-23,9124
2024-09-24,8614
2024-09-25,9875
2024-09-26,1881
2024-09-27,8555
2024-09-28,1383
2024-09-29,2389
2024-09-30,6824
2024-10-01,6034
2024-10-02,7344
2024-10-03,7882
2024-10-04,6673
2024-10-05,0600
2024-10-06,1460
2024-10-07,7341
2024-10-08,2630
2024-10-09,2928
2024-10-10,2554
2024-10-11,6150
2024-10-12,9719
2024-10-13,0070
2024-10-14,0504
2024-10-15,6221
2024-10-16,8563
2024-10-17,1389
2024-10-18,0611
2024-10-19,7733
2024-10-20,7748
2024-10-21,1373
2024-10-22,8796
2024-10-23,1954
2024-10-24,9902
2024-10-25,0608
2024-10-26,9749
2024-10-27,6089
2024-10-28,4430
2024-10-29,5902
2024-10-30,3651
2024-10-31,7354
2024-11-01,2220
2024-11-02,6636
2024-11-03,1531
2024-11-04,0502
2024-11-05,8597
2024-11-06,5987
2024-11-07,3432
2024-11-08,7794
2024-11-09,2367
2024-11-10,6378
2024-11-11,1424
2024-11-12,9136
2024-11-13,0471
2024-11-14,1615
2024-11-15,7232
2024-11-16,9671
2024-11-17,3939
2024-11-18,1660
2024-11-19,1241
2024-11-20,5862
2024-11-21,3121
2024-11-22,8971
2024-11-23,7264
2024-11-24,8773
2024-11-25,5760
2024-11-26,9883
2024-11-27,9503
2024-11-28,3893
2024-11-29,6966
2024-11-30,9989
2024-12-01,0735
2024-12-02,0882
2024-12-03,4432
2024-12-04,0168
2024-12-05,3211
2024-12-06,0311
2024-12-07,2979
2024-12-08,9907
2024-12-09,7852
2024-12-10,4740
2024-12-11,5207
2024-12-12,1256
2024-12-13,2584
2024-12-14,4112
2024-12-15,2028
2024-12-16,2373
2024-12-17,9225
2024-12-18,6588
2024-12-19,3794
2024-12-20,9106
2024-12-21,7903
2024-12-22,5529
2024-12-23,6059
2024-12-24,8574
2024-12-25,9967
2024-12-26,6338
2024-12-27,3273
2024-12-28,9130
2024-12-29,2646
2024-12-30,7358
2024-12-31,1621
2025-01-01,9301
2025-01-02,2941
2025-01-03,1956
2025-01-04,3135
2025-01-05,5892
2025-01-06,3841
2025-01-07,6470
2025-01-08,8785
2025-01-18,1286
2025-01-20,1874
2025-01-21,8812
2025-01-22,8988
